"","start_date","start_time","end_date","end_time","site","waypoint","plant_field_name","revised_plant_name","height","card_id","comment","X__2","X__3","X__4","X__5","Month","Year","Camera_ID"
"1","17/11/2017",NA,NA,NA,"Cambugan","FH1811","Columnea picta",NA,"2",NA,NA,NA,NA,NA,NA,"November","2017","Cambugan_FH1811"
"2","14/02/2017",NA,NA,NA,"Cambugan","CBGL0102","Columnea strigosa",NA,"4",NA,"It should actually be CBGU0102 since the camera was placed in the upper transect",NA,NA,NA,NA,"February","2017","Cambugan_CBGL0102"
"3","14/02/2017",NA,NA,NA,"Cambugan","CBGL0202","Kohleria affinis",NA,"6",NA,"It should actually be CBGU0202 since the camera was placed in the upper transect",NA,NA,NA,NA,"February","2017","Cambugan_CBGL0202"
"4","14/02/2017",NA,NA,NA,"Cambugan","CBGL0302","Aphelandra acanthus",NA,"3",NA,"It should actually be CBGU0202 since the camera was placed in the upper transect",NA,NA,NA,NA,"February","2017","Cambugan_CBGL0302"
"5","14/03/2017",NA,NA,NA,"Cambugan","CBGU0201","Sertifera purpurea",NA,"2",NA,NA,NA,NA,NA,NA,"March","2017","Cambugan_CBGU0201"
"6","14/03/2017",NA,NA,NA,"Cambugan","CBGU0102","Besleria solanoides",NA,"1",NA,NA,NA,NA,NA,NA,"March","2017","Cambugan_CBGU0102"
"7","14/03/2017",NA,NA,NA,"Cambugan","CGBU0301","Psammisia sodiroi",NA,"2",NA,NA,NA,NA,NA,NA,"March","2017","Cambugan_CGBU0301"
"8","14/03/2017",NA,NA,NA,"Cambugan","CBGU0501","Kohleria affinis",NA,"1",NA,NA,NA,NA,NA,NA,"March","2017","Cambugan_CBGU0501"
"9","15/03/2017",NA,NA,NA,"LasGralarias","GRAL2401","Gasteranthus leopardus",NA,"0","3","GRL24 (camera code)",NA,NA,NA,NA,"March","2017","LasGralarias_GRAL2401"
"10","15/03/2017",NA,NA,NA,"LasGralarias","GRAL2701","Centropogon solanifolius",NA,"1","2","GRL27  (camera code)",NA,NA,NA,NA,"March","2017","LasGralarias_GRAL2701"
"11","15/03/2017",NA,NA,NA,"LasGralarias","GRAL2801","Guzmania jaramilloi",NA,"2","5","GRL28  (camera code)",NA,NA,NA,NA,"March","2017","LasGralarias_GRAL2801"
"12","15/03/2017",NA,NA,NA,"LasGralarias","GRAL2101","Columnea ciliata",NA,"2","6","GRL21  (camera code)",NA,NA,NA,NA,"March","2017","LasGralarias_GRAL2101"
"13","15/03/2017",NA,NA,NA,"LasGralarias","GRAL3001","Fuchsia macrostigma",NA,"1","1","GRL30  (camera code)",NA,NA,NA,NA,"March","2017","LasGralarias_GRAL3001"
"14","13/05/2017","0.49899305555555556","16/05/2017","16/05/2017","LasGralarias","GRAL3902","Columnea ciliata",NA,"1.5","66",NA,NA,NA,NA,NA,"May","2017","LasGralarias_GRAL3902"
"15","13/05/2017","0.50809027777777771","16/05/2017","16/05/2017","LasGralarias","GRAL2802","Palicourea demissa",NA,"2","67",NA,NA,NA,NA,NA,"May","2017","LasGralarias_GRAL2802"
"16","07/11/2017","0.2502314814814815","11/11/2017","11/11/2017","LasGralarias","GRAL2702","Psammisia sodiroi",NA,"1","68","Cameras show different dates (07/11/2017, 11/11/2017) than when they were moved. Correct days are: 12/05/2017, 15/05/2017.",NA,NA,NA,NA,"November","2017","LasGralarias_GRAL2702"
"17","12/05/2017","0.55096064814814816","16/05/2017","16/05/2017","LasGralarias","GRAL2402","Columnea picta",NA,"0.5","69",NA,NA,NA,NA,NA,"May","2017","LasGralarias_GRAL2402"
"18","13/05/2017","0.25027777777777777","16/05/2017","16/05/2017","LasGralarias","GRAL3002","Drymonia collegarum",NA,"2","70",NA,NA,NA,NA,NA,"May","2017","LasGralarias_GRAL3002"
"19","12/05/2017","0.55535879629629636","16/05/2017","16/05/2017","LasGralarias","GRAL2102","Burmeistera multiflora",NA,"1","71",NA,NA,NA,NA,NA,"May","2017","LasGralarias_GRAL2102"
"20","NA","NA","NA","NA","LasGralarias","GRAL2103","Centropogon solanifolius",NA,"1","64","no video, sd card locked",NA,NA,NA,NA,NA,NA,"LasGralarias_GRAL2103"
"21","17/06/2017","0.25010416666666668","20/06/2017","20/06/2017","LasGralarias","GRAL3903","Palicourea sodiroi",NA,"1","75",NA,NA,NA,NA,NA,"June","2017","LasGralarias_GRAL3903"
"22","17/06/2017","0.5058449074074074","20/06/2017","20/06/2017","LasGralarias","GRAL2803","Sphyrospermum dissimile",NA,"0.5","100",NA,NA,NA,NA,NA,"June","2017","LasGralarias_GRAL2803"
"23","16/06/2017","0.68297453703703714","20/06/2017","20/06/2017","LasGralarias","GRAL3003","Burmeistera multiflora",NA,"0.5","122",NA,NA,NA,NA,NA,"June","2017","LasGralarias_GRAL3003"
"24","16/06/2017","0.69297453703703704","20/06/2017","20/06/2017","LasGralarias","GRAL2703","Kohleria affinis",NA,"2","124",NA,NA,NA,NA,NA,"June","2017","LasGralarias_GRAL2703"
"25","25/06/2017","0.25017361111111108","28/06/2017","28/06/2017","LasGralarias","GRAL3904","Palicourea sodiroi",NA,"2","143","Cameras show different dates (25/06/2017, 28/06/2017) than when they were moved. Correct days are: 21/06/2017, 24/06/2017.",NA,NA,NA,NA,"June","2017","LasGralarias_GRAL3904"
"26","25/05/2017","0.2502314814814815","28/06/2017","28/06/2017","LasGralarias","GRAL2804","Palicourea demissa",NA,"1.5","139","Cameras show different dates (25/06/2017, 28/06/2017) than when they were moved. Correct days are: 21/06/2017, 24/06/2017.",NA,NA,NA,NA,"May","2017","LasGralarias_GRAL2804"
"27","25/05/2017","0.25018518518518518","28/06/2017","28/06/2017","LasGralarias","GRAL2704","Centropogon solanifolius",NA,"1.5","138","Cameras show different dates (25/06/2017, 28/06/2017) than when they were moved. Correct days are: 21/06/2017, 24/06/2017.",NA,NA,NA,NA,"May","2017","LasGralarias_GRAL2704"
"28","NA","NA","NA","NA","LasGralarias","GRAL2404","Gasteranthus leopardus",NA,"1","137","SD empty, no videos.Tried to recover but it didn't find any videos.",NA,NA,NA,NA,NA,NA,"LasGralarias_GRAL2404"
"29","24/06/2017","0.53531249999999997","28/06/2017","28/06/2017","LasGralarias","GRAL2104","Pitcairnia sodiroi",NA,"1","140",NA,NA,NA,NA,NA,"June","2017","LasGralarias_GRAL2104"
"30","24/06/2017","0.7694212962962963","28/06/2017","28/06/2017","LasGralarias","GRAL3004","Bomarea pardina",NA,"1.5","136",NA,NA,NA,NA,NA,"June","2017","LasGralarias_GRAL3004"
"31","18/07/2017","0.48175925925925928","21/07/2017","21/07/2017","LasGralarias","GRAL2805","Drymonia tenuis",NA,"2","136",NA,NA,NA,NA,NA,"July","2017","LasGralarias_GRAL2805"
"32","18/07/2017","0.54443287037037036","21/07/2017","21/07/2017","LasGralarias","GRAL2105","Glossoloma herthae",NA,"3","79",NA,NA,NA,NA,NA,"July","2017","LasGralarias_GRAL2105"
"33","18/07/2017","0.35895833333333332","21/07/2017","21/07/2017","LasGralarias","GRAL2405","Glossoloma oblongicalyx",NA,"1","67",NA,NA,NA,NA,NA,"July","2017","LasGralarias_GRAL2405"
"34","18/07/2017","0.39407407407407408","21/07/2017","21/07/2017","LasGralarias","GRAL2705","Palicourea demissa",NA,"1.5","81",NA,NA,NA,NA,NA,"July","2017","LasGralarias_GRAL2705"
"35","21/07/2017","0.48972222222222223","25/07/2017","25/07/2017","LasGralarias","GRAL3006","Palicourea sodiroi",NA,"1","54",NA,NA,NA,NA,NA,"July","2017","LasGralarias_GRAL3006"
"36","21/07/2017","0.51971064814814816","25/07/2017","25/07/2017","LasGralarias","GRAL2806","Centropogon solanifolius",NA,"1","71",NA,NA,NA,NA,NA,"July","2017","LasGralarias_GRAL2806"
"37","21/07/2017","0.53421296296296295","25/07/2017","25/07/2017","LasGralarias","GRAL2106","Columnea medicinalis",NA,"1.5","83",NA,NA,NA,NA,NA,"July","2017","LasGralarias_GRAL2106"
"38","21/07/2017","0.55118055555555556","25/07/2017","25/07/2017","LasGralarias","GRAL2706","Sphyrospermum campanulatum",NA,"1.5","143",NA,NA,NA,NA,NA,"July","2017","LasGralarias_GRAL2706"
"39","21/07/2017","0.5574189814814815","25/07/2017","25/07/2017","LasGralarias","GRAL3906","Glossoloma oblongicalyx",NA,"1","140",NA,NA,NA,NA,NA,"July","2017","LasGralarias_GRAL3906"
"40","21/07/2017","0.56717592592592592","25/07/2017","25/07/2017","LasGralarias","GRAL2406","Palicourea sodiroi",NA,"1","69",NA,NA,NA,NA,NA,"July","2017","LasGralarias_GRAL2406"
"41","15/08/2017",NA,NA,NA,"LasGralarias","GRAL3907","Psychotria hazenii",NA,"1.5","16",NA,NA,NA,NA,NA,"August","2017","LasGralarias_GRAL3907"
"42","15/08/2017",NA,NA,NA,"LasGralarias","GRAL2707","Macleania stricta",NA,"1.5","105",NA,NA,NA,NA,NA,"August","2017","LasGralarias_GRAL2707"
"43","15/08/2017",NA,NA,NA,"LasGralarias","GRAL2407","Gasteranthus leopardus",NA,"1","99",NA,NA,NA,NA,NA,"August","2017","LasGralarias_GRAL2407"
"44","27/01/2017","","","","Maquipucuna","MQPC2015","Burmeistera multiflora",NA,"1","","",NA,NA,NA,NA,"January","2017","Maquipucuna_MQPC2015"
"45","27/01/2017","","","","Maquipucuna","MQPC2212","Renealmia sessilifolia",NA,"1","","",NA,NA,NA,NA,"January","2017","Maquipucuna_MQPC2212"
"46","27/01/2017","","","","Maquipucuna","MQPC2303","Psammisia ulbrichiana",NA,"1","23","",NA,NA,NA,NA,"January","2017","Maquipucuna_MQPC2303"
"47","27/01/2017","","","","Maquipucuna","MQPC2501","Gasteranthus quitensis",NA,"0","","",NA,NA,NA,NA,"January","2017","Maquipucuna_MQPC2501"
"48","29/01/2017","","","","Maquipucuna","FH1713","Abutilon striatum",NA,"1","","",NA,NA,NA,NA,"January","2017","Maquipucuna_FH1713"
"49","29/01/2017","","","","Maquipucuna","MQPC2502","Glossoloma purpureum",NA,"2","28","",NA,NA,NA,NA,"January","2017","Maquipucuna_MQPC2502"
"50","29/01/2017","","","","Maquipucuna","MQPC2304","Renealmia sessilifolia",NA,"1","","",NA,NA,NA,NA,"January","2017","Maquipucuna_MQPC2304"
"51","29/01/2017","","","","Maquipucuna","MQPC2213","Gasteranthus quitensis",NA,"1","5","",NA,NA,NA,NA,"January","2017","Maquipucuna_MQPC2213"
"52","24/02/2017","","","","Maquipucuna","MQPC1714","Psammisia aberrans",NA,"3","","",NA,NA,NA,NA,"February","2017","Maquipucuna_MQPC1714"
"53","24/02/2017","","","","Maquipucuna","MQPC2214","Renealmia sessilifolia",NA,"1","","",NA,NA,NA,NA,"February","2017","Maquipucuna_MQPC2214"
"54","24/02/2017","","","","Maquipucuna","MQPC2503","Renealmia sessilifolia",NA,"1","","",NA,NA,NA,NA,"February","2017","Maquipucuna_MQPC2503"
"55","18/03/2017","","","","Maquipucuna","MQPC1521","Columnea ciliata",NA,"1","","",NA,NA,NA,NA,"March","2017","Maquipucuna_MQPC1521"
"56","18/03/2017","","","","Maquipucuna","MQPC2305","Macleania recumbens",NA,"2","23","",NA,NA,NA,NA,"March","2017","Maquipucuna_MQPC2305"
"57","18/03/2017","","","","Maquipucuna","MQPC2504","Elleanthus robustus",NA,"1","26","",NA,NA,NA,NA,"March","2017","Maquipucuna_MQPC2504"
"58","05/04/2017","07:58","","","Maquipucuna","MQPC2505","Columnea ciliata",NA,"2","","",NA,NA,NA,NA,"April","2017","Maquipucuna_MQPC2505"
"59","05/04/2017","08:13","","","Maquipucuna","MQPC2306","Burmeistera multiflora",NA,"2","","",NA,NA,NA,NA,"April","2017","Maquipucuna_MQPC2306"
"60","05/04/2017","08:57","","","Maquipucuna","MQPC1522","Renealmia sessilifolia",NA,"1","","",NA,NA,NA,NA,"April","2017","Maquipucuna_MQPC1522"
"61","05/04/2017","09:23","","","Maquipucuna","MQPC2216","Columnea mastersonii",NA,"1","","",NA,NA,NA,NA,"April","2017","Maquipucuna_MQPC2216"
"62","05/04/2017","10:28","","","Maquipucuna","MQPC1715","Gasteranthus quitensis",NA,"2","","",NA,NA,NA,NA,"April","2017","Maquipucuna_MQPC1715"
"63","11/05/2017","08:33","14/05/2017","09:46","Maquipucuna","MQPC5707","Burmeistera multiflora",NA,"2","34","",NA,NA,NA,NA,"May","2017","Maquipucuna_MQPC5707"
"64","11/05/2017","09:01","","","Maquipucuna","MQPC1716","Columnea picta",NA,"3","C20","Camera only filmed a couple of minutes and then stopped. No idea why.",NA,NA,NA,NA,"May","2017","Maquipucuna_MQPC1716"
"65","11/05/2017","09:31","14/05/2017","09:27","Maquipucuna","MQPC2217","Palicourea acetosoides",NA,"2","C24","Dissapointing; maybe there are no Lancebills around",NA,NA,NA,NA,"May","2017","Maquipucuna_MQPC2217"
"66","11/05/2017","10:53","14/05/2017","09:29","Maquipucuna","MQPC2506","Palicourea acetosoides",NA,"2","C02","Disappointing; no Lancebills around?",NA,NA,NA,NA,"May","2017","Maquipucuna_MQPC2506"
"67","09/06/2017","08:54","10/06/2017","18:30","Maquipucuna","MQPC1717","Centropogon solanifolius",NA,"2","39","First video was overwritten after three days. Flower didn't fall, but was obviously wasted on the second day of filming already. No hummingbirds detected.",NA,NA,NA,NA,"June","2017","Maquipucuna_MQPC1717"
"68","09/06/2017","09:46","11/06/2017","15:30","Maquipucuna","MQPC2507","Columnea picta",NA,"3","JMS005","First video was overwritten after three days. Camera filmed three days, but flower fell on the second day of filming (see end date)",NA,NA,NA,NA,"June","2017","Maquipucuna_MQPC2507"
"69","09/06/2017","09:53","12/06/2017","12:52","Maquipucuna","MQPC5402","Gasteranthus quitensis",NA,"0,5","29","Camera did with empty battery on third day. Energy went from 54% to 9% within six hours ? no hummingbirds detected.",NA,NA,NA,NA,"June","2017","Maquipucuna_MQPC5402"
"70","09/06/2017","10:18","13/06/2017","10:13","Maquipucuna","MQPC2218","Palicourea acetosoides",NA,"2","34","",NA,NA,NA,NA,"June","2017","Maquipucuna_MQPC2218"
"71","09/06/2017","10:37","11/06/2017","11:22","Maquipucuna","MQPC5702","Burmeistera multiflora",NA,"1","M024","A bear kicked the camera around on 11th of June and throw it on the ground. Camera capped filming but of course the canopy",NA,NA,NA,NA,"June","2017","Maquipucuna_MQPC5702"
"72","13/06/2017","09:40","17/06/2017","08:50","Maquipucuna","MQPC1608","Gasteranthus quitensis",NA,"0,5","37","First video overwritten. No hummingbirds seen.",NA,NA,NA,NA,"June","2017","Maquipucuna_MQPC1608"
"73","13/06/2017","09:51","17/06/2017","09:00","Maquipucuna","MQPC1718","Palicourea demissa",NA,"2","C20","Branch kept moving in and out of the picture frame, according to the weather conditions.",NA,NA,NA,NA,"June","2017","Maquipucuna_MQPC1718"
"74","13/06/2017","10:23","17/06/2017","09:15","Maquipucuna","MQPC5403","Burmeistera multiflora",NA,"1","C24","No hummingbirds observed",NA,NA,NA,NA,"June","2017","Maquipucuna_MQPC5403"
"75","13/06/2017","10:30","13/06/2017","11:31","Maquipucuna","MQPC2219","Renealmia sessilifolia",NA,"2","26","Plant was hit by branch about one hour after I left the camera ? no hummingbirds. Camera filmed through until 17.06.",NA,NA,NA,NA,"June","2017","Maquipucuna_MQPC2219"
"76","13/06/2017","10:43","17/06/2017","09:19","Maquipucuna","MQPC5703","Faramea calyptrata",NA,"1","35","Interesting: here the second video was overwritten (or it was never recorded). No hummingbirds observed.",NA,NA,NA,NA,"June","2017","Maquipucuna_MQPC5703"
"77","13/06/2017","10:59","17/06/2017","09:04","Maquipucuna","MQPC2508","Elleanthus discolor",NA,"0,5","C21","No hummingbirds observed",NA,NA,NA,NA,"June","2017","Maquipucuna_MQPC2508"
"78","13/07/2017","07:36","16/07/2017","08:59","Maquipucuna","MQPC2220","Gasteranthus quitensis",NA,"0,5","C019","",NA,NA,NA,NA,"July","2017","Maquipucuna_MQPC2220"
"79","13/07/2017","07:49","16/07/2017","09:10","Maquipucuna","MQPC2509","Centropogon solanifolius",NA,"2","C020","Although there are Hermits around - as the other cameras near-by show - the Booted Racket-Tail is the only hummingbird on this flower. ",NA,NA,NA,NA,"July","2017","Maquipucuna_MQPC2509"
"80","13/07/2017","08:41","","","Maquipucuna","MQPC1609","Burmeistera crispiloba",NA,"2","","Camera didn't film anything, but worked later on her second job.",NA,NA,NA,NA,"July","2017","Maquipucuna_MQPC1609"
"81","13/07/2017","08:56","16/07/2017","09:32","Maquipucuna","MQPC5704","Glossoloma purpureum",NA,"3","","",NA,NA,NA,NA,"July","2017","Maquipucuna_MQPC5704"
"82","13/07/2017","09:17","16/07/2017","09:45","Maquipucuna","MQPC5404","Psammisia ulbrichiana",NA,"4","C28","",NA,NA,NA,NA,"July","2017","Maquipucuna_MQPC5404"
"83","13/07/2017","09:31","16/07/2017","09:37","Maquipucuna","MQPC1719","Renealmia sessilifolia",NA,"2","C30","",NA,NA,NA,NA,"July","2017","Maquipucuna_MQPC1719"
"84","16/07/2017","09:07","19/07/2017","09:09","Maquipucuna","MQPC2221","Heliconia impudica",NA,"2","(113)","",NA,NA,NA,NA,"July","2017","Maquipucuna_MQPC2221"
"85","16/07/2017","09:17","19/07/2017","09:05","Maquipucuna","MQPC2510","Palicourea demissa",NA,"3","(32)","Branch moved througout the day and was often not within the filming angle of the camera.",NA,NA,NA,NA,"July","2017","Maquipucuna_MQPC2510"
"86","16/07/2017","09:50","19/07/2017","08:44","Maquipucuna","MQPC1720","Psammisia aberrans",NA,"2","C29","A bit strange. No hummingbirds here. Flower possibly too old, but I could have sworn that there were some at the very moment when I installed the camera. Left some reference pics.",NA,NA,NA,NA,"July","2017","Maquipucuna_MQPC1720"
"87","16/07/2017","09:59","19/07/2017","08:53","Maquipucuna","MQPC5405","Glossoloma purpureum",NA,"2","C025","",NA,NA,NA,NA,"July","2017","Maquipucuna_MQPC5405"
"88","16/07/2017","10:11","19/07/2017","08:46","Maquipucuna","MQPC1610","Gasteranthus quitensis",NA,"0,5","(114)","",NA,NA,NA,NA,"July","2017","Maquipucuna_MQPC1610"
"89","16/07/2017","10:23","19/07/2017","09:01","Maquipucuna","MQPC5705","Glossoloma purpureum",NA,"2","JMS005 / (112)","",NA,NA,NA,NA,"July","2017","Maquipucuna_MQPC5705"
"90","13/08/2017","08:04","16/08/2017","09:02","Maquipucuna","MQPC2222","Heliconia impudica",NA,"2","28","",NA,NA,NA,NA,"August","2017","Maquipucuna_MQPC2222"
"91","13/08/2017","08:27","16/08/2017","09:00","Maquipucuna","MQPC1611","Heliconia impudica",NA,"2","JMS001","",NA,NA,NA,NA,"August","2017","Maquipucuna_MQPC1611"
"92","13/08/2017","09:26","16/08/2017","10:24","Maquipucuna","MQPC1721","Renealmia sessilifolia",NA,"2","C029","",NA,NA,NA,NA,"August","2017","Maquipucuna_MQPC1721"
"93","13/08/2017","09:34","16/08/2017","09:39","Maquipucuna","MQPC2511","Columnea mastersonii",NA,"1","M029","",NA,NA,NA,NA,"August","2017","Maquipucuna_MQPC2511"
"94","13/08/2017","09:54","16/08/2017","09:45","Maquipucuna","MQPC5706","Columnea mastersonii",NA,"2","M027","",NA,NA,NA,NA,"August","2017","Maquipucuna_MQPC5706"
"95","13/08/2017","10:45","16/08/2017","10:01","Maquipucuna","MQPC5406","Renealmia sessilifolia",NA,"3","JMS003","",NA,NA,NA,NA,"August","2017","Maquipucuna_MQPC5406"
"96","16/08/2017","09:10","20/08/2017","08:17","Maquipucuna","MQPC2223","Gasteranthus quitensis",NA,"2","38","",NA,NA,NA,NA,"August","2017","Maquipucuna_MQPC2223"
"97","16/08/2017","09:23","16/08/2017","09:23","Maquipucuna","MQPC1612","Burmeistera multiflora",NA,"1","C019","Camera stopped filming after 50secs. Not the first time that the camera fails. ",NA,NA,NA,NA,"August","2017","Maquipucuna_MQPC1612"
"98","16/08/2017","10:15","17/08/2017","06:32","Maquipucuna","MQPC5407","Columnea mastersonii",NA,"1","112","",NA,NA,NA,NA,"August","2017","Maquipucuna_MQPC5407"
"99","16/08/2017","10:26","20/08/2017","08:38","Maquipucuna","MQPC1722","Glossoloma purpureum",NA,"2","C021","",NA,NA,NA,NA,"August","2017","Maquipucuna_MQPC1722"
"100","16/08/2017","10:41","19/08/2017","18:30","Maquipucuna","MQPC5707","Centropogon solanifolius",NA,"2","JMS005","Flower disappeared during last night.",NA,NA,NA,NA,"August","2017","Maquipucuna_MQPC5707"
"101","16/08/2017","10:43","18/08/2017","18:30","Maquipucuna","MQPC2512","Glossoloma purpureum",NA,"1","119","Flower fell during second night",NA,NA,NA,NA,"August","2017","Maquipucuna_MQPC2512"
"102","13/09/2017","07:54","16/09/2017","08:49","Maquipucuna","MQPC5708","Centropogon solanifolius",NA,"1","M024","",NA,NA,NA,NA,"September","2017","Maquipucuna_MQPC5708"
"103","13/09/2017","08:16","16/09/2017","08:51","Maquipucuna","MQPC2224","Gasteranthus quitensis",NA,"1","17","",NA,NA,NA,NA,"September","2017","Maquipucuna_MQPC2224"
"104","13/09/2017","08:29","16/09/2017","08:55","Maquipucuna","MQPC2513","Columnea picta",NA,"3","M022","",NA,NA,NA,NA,"September","2017","Maquipucuna_MQPC2513"
"105","13/09/2017","09:13","16/09/2017","09:19","Maquipucuna","MQPC5408","Heliconia impudica",NA,"2","24","",NA,NA,NA,NA,"September","2017","Maquipucuna_MQPC5408"
"106","16/09/2017","09:13","18/09/2017","18:30","Maquipucuna","MQPC2514","Glossoloma purpureum",NA,"2","119","Flower fell during last night, but a Hermit came in during the last day anyways.",NA,NA,NA,NA,"September","2017","Maquipucuna_MQPC2514"
"107","16/09/2017","09:31","19/09/2017","07:49","Maquipucuna","MQPC5409","Renealmia sessilifolia",NA,"2","34","",NA,NA,NA,NA,"September","2017","Maquipucuna_MQPC5409"
"108","16/09/2017","09:48","19/09/2017","07:49","Maquipucuna","MQPC5709","Burmeistera multiflora",NA,"1","114","",NA,NA,NA,NA,"September","2017","Maquipucuna_MQPC5709"
"109","16/09/2017","09:55","19/09/2017","07:43","Maquipucuna","MQPC2225","Gasteranthus quitensis",NA,"0,5","33","",NA,NA,NA,NA,"September","2017","Maquipucuna_MQPC2225"
"110","21/03/2017",NA,NA,NA,"MSPC","62","Drymonia dodsonii",NA,"2","7",NA,NA,NA,NA,NA,"March","2017","MSPC_62"
"111","21/03/2017",NA,NA,NA,"MSPC","52","Gasteranthus lateralis",NA,"0.5","20",NA,NA,NA,NA,NA,"March","2017","MSPC_52"
"112","21/03/2017",NA,NA,NA,"MSPC","60","Pitcairnia arcuata",NA,"2.5",NA,NA,NA,NA,NA,NA,"March","2017","MSPC_60"
"113","12/04/2017",NA,NA,NA,"MSPC","355","Columnea picta",NA,"0.4","5B",NA,NA,NA,NA,NA,"April","2017","MSPC_355"
"114","12/04/2017",NA,NA,NA,"MSPC","345","Gasteranthus quitensis",NA,"0.4","15",NA,NA,NA,NA,NA,"April","2017","MSPC_345"
"115","12/04/2017",NA,NA,NA,"MSPC","287","Cavendishia venosa",NA,NA,NA,NA,NA,NA,NA,NA,"April","2017","MSPC_287"
"116","13/05/2017",NA,NA,NA,"MSPC","MSPC1303","Costus scaber",NA,"1","76",NA,NA,NA,NA,NA,"May","2017","MSPC_MSPC1303"
"117","12/05/2017",NA,NA,NA,"MSPC","MSPC4003","Heliconia virginalis",NA,"1.5","72",NA,NA,NA,NA,NA,"May","2017","MSPC_MSPC4003"
"118","20/06/2017",NA,NA,NA,"MSPC","MSPC2004","Palicourea demissa",NA,"1","97",NA,NA,NA,NA,NA,"June","2017","MSPC_MSPC2004"
"119","20/06/2017",NA,NA,NA,"MSPC","MSPC1504","Columnea minor",NA,"2","101",NA,NA,NA,NA,NA,"June","2017","MSPC_MSPC1504"
"120","19/07/2017",NA,NA,NA,"MSPC","MSPC1606","Columnea picta",NA,"0.5","146",NA,NA,NA,NA,NA,"July","2017","MSPC_MSPC1606"
"121","19/07/2017",NA,NA,NA,"MSPC","MSPC1706","Columnea minor",NA,"1","129",NA,NA,NA,NA,NA,"July","2017","MSPC_MSPC1706"
"122","19/07/2017",NA,NA,NA,"MSPC","MSPC2006","Pitcairnia arcuata",NA,"2","145",NA,NA,NA,NA,NA,"July","2017","MSPC_MSPC2006"
"123","18/08/2018",NA,NA,NA,"MSPC","MSPC1308","Costus laevis",NA,"1","135",NA,NA,NA,NA,NA,"August","2018","MSPC_MSPC1308"
"124","18/08/2018",NA,NA,NA,"MSPC","MSPC1708","Columnea picta",NA,"2","116",NA,NA,NA,NA,NA,"August","2018","MSPC_MSPC1708"
"125","18/08/2018",NA,NA,NA,"MSPC","MSPC4008","Cavendishia venosa",NA,"1","125",NA,NA,NA,NA,NA,"August","2018","MSPC_MSPC4008"
"126","14/05/2017","06:00:50","17/05/2017","17/05/2017","MashpiLaguna","MSPL2201","Psammisia debilis",NA,"1","83",NA,NA,NA,NA,NA,"May","2017","MashpiLaguna_MSPL2201"
"127","13/05/2017","08:19:37","17/05/2017","17/05/2017","MashpiLaguna","MSPL1801","Gasteranthus quitensis",NA,"0.5","82",NA,NA,NA,NA,NA,"May","2017","MashpiLaguna_MSPL1801"
"128","13/05/2017","09:16:46","17/05/2017","17/05/2017","MashpiLaguna","MSPL4101","Psammisia aberrans",NA,"2","78",NA,NA,NA,NA,NA,"May","2017","MashpiLaguna_MSPL4101"
"129","19/06/2017","16:55:18","23/06/2017","23/06/2017","MashpiLaguna","MSPL4102","Drymonia teuscheri",NA,"1","87",NA,NA,NA,NA,NA,"June","2017","MashpiLaguna_MSPL4102"
"130","19/06/2017","16:12:13","19/06/2017","19/06/2017","MashpiLaguna","MSPL1902","Glossoloma sprucei",NA,"0.5","88",NA,NA,NA,NA,NA,"June","2017","MashpiLaguna_MSPL1902"
"131","19/06/2017","16:34:24","23/06/2017","23/06/2017","MashpiLaguna","MSPL2202","Heliconia virginalis",NA,"0.5","89",NA,NA,NA,NA,NA,"June","2017","MashpiLaguna_MSPL2202"
"132","23/06/2017","12:34:17","27/06/2017","27/06/2017","MashpiLaguna","MSPL4102","Drymonia dodsonii",NA,"N/A","86","Field assistant did not take all data. Correct #event (03) in camera waypoints",NA,NA,NA,NA,"June","2017","MashpiLaguna_MSPL4102"
"133","23/06/2017","12:52:37","27/06/2017","27/06/2017","MashpiLaguna","MSPL1402","Gasteranthus crispus",NA,"N/A","91","Field assistant did not take all data. Correct #event (03) in camera waypoints",NA,NA,NA,NA,"June","2017","MashpiLaguna_MSPL1402"
"134","23/06/2017","12:00:31","27/06/2017","27/06/2017","MashpiLaguna","MSPL1902","Drymonia dodsonii",NA,"N/A","92","Field assistant did not take all data. Correct #event (03) in camera waypoints",NA,NA,NA,NA,"June","2017","MashpiLaguna_MSPL1902"
"135","18/07/2017","06:00:14","24/07/2017","24/07/2017","MashpiLaguna","MSPL2204","Psammisia debilis",NA,"1.5","138",NA,NA,NA,NA,NA,"July","2017","MashpiLaguna_MSPL2204"
"136","21/07/2017","06:03:21","24/07/2017","24/07/2017","MashpiLaguna","MSPL4104","Heliconia griggsiana",NA,"2","78",NA,NA,NA,NA,NA,"July","2017","MashpiLaguna_MSPL4104"
"137","20/07/2017","12:41:37","24/07/2017","24/07/2017","MashpiLaguna","MSPL1904","Psammisia debilis",NA,"1","80",NA,NA,NA,NA,NA,"July","2017","MashpiLaguna_MSPL1904"
"138","2017-06-16",NA,NA,NA,"Sachatamia","SACH8701","Drymonia brochidodroma",NA,"1","14",NA,NA,NA,NA,NA,NA,NA,"Sachatamia_SACH8701"
"139","2017-06-16",NA,NA,NA,"Sachatamia","SACH7801","Palicourea demissa",NA,"4","16",NA,NA,NA,NA,NA,NA,NA,"Sachatamia_SACH7801"
"140","2017-06-16",NA,NA,NA,"Sachatamia","SACH8601","Palicourea acetosoides",NA,"2","17",NA,NA,NA,NA,NA,NA,NA,"Sachatamia_SACH8601"
"141","2017-06-16",NA,NA,NA,"Sachatamia","SACH8701","Drymonia brochidodroma",NA,"1","14",NA,NA,NA,NA,NA,NA,NA,"Sachatamia_SACH8701"
"142","2017-06-16",NA,NA,NA,"Sachatamia","SACH7801","Palicourea demissa",NA,"4","16",NA,NA,NA,NA,NA,NA,NA,"Sachatamia_SACH7801"
"143","2017-06-16",NA,NA,NA,"Sachatamia","SACH8601","Palicourea acetosoides",NA,"2","17",NA,NA,NA,NA,NA,NA,NA,"Sachatamia_SACH8601"
"144","2017-07-18",NA,NA,NA,"Sachatamia","SACH7802","Palicourea demissa",NA,"2","7",NA,NA,NA,NA,NA,NA,NA,"Sachatamia_SACH7802"
"145","2017-07-18",NA,NA,NA,"Sachatamia","SACH8302","Bomarea pardina",NA,"3","157",NA,NA,NA,NA,NA,NA,NA,"Sachatamia_SACH8302"
"146","2017-07-18",NA,NA,NA,"Sachatamia","SACH8802","Gasteranthus quitensis",NA,"0.5","77",NA,NA,NA,NA,NA,NA,NA,"Sachatamia_SACH8802"
"147","2017-08-15",NA,NA,NA,"Sachatamia","SACH8604","Renealmia sessilifolia",NA,"1","134",NA,NA,NA,NA,NA,NA,NA,"Sachatamia_SACH8604"
"148","2017-08-15",NA,NA,NA,"Sachatamia","SACH8304","Thibaudia floribunda",NA,"0.5","167",NA,NA,NA,NA,NA,NA,NA,"Sachatamia_SACH8304"
"149","2017-08-15",NA,NA,NA,"Sachatamia","SACH8804","Psammisia sodiroi",NA,"2","131",NA,NA,NA,NA,NA,NA,NA,"Sachatamia_SACH8804"
"150","2017-08-15",NA,NA,NA,"Sachatamia","SACH7804","Burmeistera brachyandra",NA,"2","134",NA,NA,NA,NA,NA,NA,NA,"Sachatamia_SACH7804"
"151","2017-08-15",NA,NA,NA,"Sachatamia","SACH8004","Thibaudia floribunda",NA,"2","141",NA,NA,NA,NA,NA,NA,NA,"Sachatamia_SACH8004"
"152","2017-08-15",NA,NA,NA,"Sachatamia","SACH8704","Heliconia virginalis",NA,"2","159",NA,NA,NA,NA,NA,NA,NA,"Sachatamia_SACH8704"
"153","19/01/2017","","","","SantaLuciaLower","FH1916","Columnea ciliata",NA,"1","","",NA,NA,NA,NA,"January","2017","SantaLuciaLower_FH1916"
"154","19/01/2017","","","","SantaLuciaLower","FH1152","Psammisia sodiroi",NA,"0","","",NA,NA,NA,NA,"January","2017","SantaLuciaLower_FH1152"
"155","19/01/2017","","","","SantaLuciaLower","FH2411","Mezobromelia capituligera",NA,"0","","",NA,NA,NA,NA,"January","2017","SantaLuciaLower_FH2411"
"156","19/01/2017","","","","SantaLuciaLower","FH2115","Guzmania jaramilloi",NA,"1","","",NA,NA,NA,NA,"January","2017","SantaLuciaLower_FH2115"
"157","19/01/2017","","","","SantaLuciaLower","FH1246","Columnea kucyniakii",NA,"1","","",NA,NA,NA,NA,"January","2017","SantaLuciaLower_FH1246"
"158","20/02/2017","","","","SantaLuciaLower","STLL665","Sertifera purpurea",NA,"0","","",NA,NA,NA,NA,"February","2017","SantaLuciaLower_STLL665"
"159","20/02/2017","","","","SantaLuciaLower","STLL1420","Fuchsia macrostigma",NA,"1","","",NA,NA,NA,NA,"February","2017","SantaLuciaLower_STLL1420"
"160","20/02/2017","","","","SantaLuciaLower","STLL1153","Bomarea pardina",NA,"2","","",NA,NA,NA,NA,"February","2017","SantaLuciaLower_STLL1153"
"161","20/02/2017","","","","SantaLuciaLower","STLL1917","Columnea kucyniakii",NA,"2","","",NA,NA,NA,NA,"February","2017","SantaLuciaLower_STLL1917"
"162","20/02/2017","","","","SantaLuciaLower","STLL2116","Mezobromelia capituligera",NA,"0","","",NA,NA,NA,NA,"February","2017","SantaLuciaLower_STLL2116"
"163","22/03/2017","09:51","24/03/2017","08:47","SantaLuciaLower","STLL2412","Renealmia sessilifolia",NA,"1","","",NA,NA,NA,NA,"March","2017","SantaLuciaLower_STLL2412"
"164","22/03/2017","10:20","24/03/2017","08:28","SantaLuciaLower","STLL1918","Mezobromelia capituligera",NA,"2","","",NA,NA,NA,NA,"March","2017","SantaLuciaLower_STLL1918"
"165","22/03/2017","10:55","24/03/2017","08:20","SantaLuciaLower","STLL1421","Columnea ciliata",NA,"1","","",NA,NA,NA,NA,"March","2017","SantaLuciaLower_STLL1421"
"166","22/03/2017","12:30","24/03/2017","08:55","SantaLuciaLower","STLL1154","Fuchsia macrostigma",NA,"1","","",NA,NA,NA,NA,"March","2017","SantaLuciaLower_STLL1154"
"167","17/04/2017","10:05","19/04/2017","08:59","SantaLuciaLower","STLL1919","Renealmia sessilifolia",NA,"1","","",NA,NA,NA,NA,"April","2017","SantaLuciaLower_STLL1919"
"168","17/04/2017","10:24","19/04/2017","08:56","SantaLuciaLower","STLL0261","Besleria solanoides",NA,"1","","",NA,NA,NA,NA,"April","2017","SantaLuciaLower_STLL0261"
"169","07/05/2017","09:22","09/05/2017","09:43","SantaLuciaLower","STLL1523","Gasteranthus quitensis",NA,"0,5","","",NA,NA,NA,NA,"May","2017","SantaLuciaLower_STLL1523"
"170","07/05/2017","09:45","09/05/2017","08:53","SantaLuciaLower","STLL5501","Besleria solanoides",NA,"2","","",NA,NA,NA,NA,"May","2017","SantaLuciaLower_STLL5501"
"171","07/05/2017","10:12","09/05/2017","08:34","SantaLuciaLower","STLL2307","Kohleria affinis",NA,"2","","",NA,NA,NA,NA,"May","2017","SantaLuciaLower_STLL2307"
"172","19/06/2017","09:46","23/06/2017","07:46","SantaLuciaLower","STLL1422","Psammisia ulbrichiana",NA,"2","C020","",NA,NA,NA,NA,"June","2017","SantaLuciaLower_STLL1422"
"173","19/06/2017","10:45","23/06/2017","10:43","SantaLuciaLower","STLL0262","Calathea ischnosiphonoides",NA,"2","C011","First video overwritten",NA,NA,NA,NA,"June","2017","SantaLuciaLower_STLL0262"
"174","19/06/2017","11:33","23/06/2017","10:50","SantaLuciaLower","STLL1524","Centropogon solanifolius",NA,"1","","",NA,NA,NA,NA,"June","2017","SantaLuciaLower_STLL1524"
"175","19/06/2017","11:57","23/06/2017","11:10","SantaLuciaLower","STLL5505","Palicourea acetosoides",NA,"2","C019","Our Green-fronted Lancebill / Palicourea  acetosoides theory is being damaged here.",NA,NA,NA,NA,"June","2017","SantaLuciaLower_STLL5505"
"176","19/06/2017","12:14","23/06/2017","11:18","SantaLuciaLower","STLL1250","Gasteranthus lateralis",NA,"0,5","(34)","",NA,NA,NA,NA,"June","2017","SantaLuciaLower_STLL1250"
"177","23/06/2017","07:57","26/06/2017","10:25","SantaLuciaLower","STLL1423","Psammisia ulbrichiana",NA,"2","(28)","",NA,NA,NA,NA,"June","2017","SantaLuciaLower_STLL1423"
"178","23/06/2017","10:53","26/06/2017","10:47","SantaLuciaLower","STLL0263","Gasteranthus lateralis",NA,"1","(30)","",NA,NA,NA,NA,"June","2017","SantaLuciaLower_STLL0263"
"179","23/06/2017","11:05","26/06/2017","10:49","SantaLuciaLower","STLL1525","Mezobromelia capituligera",NA,"3","C029","",NA,NA,NA,NA,"June","2017","SantaLuciaLower_STLL1525"
"180","23/06/2017","11:18","24/06/2017","18:30","SantaLuciaLower","STLL5506","Burmeistera multiflora",NA,"2","C025","Something hit the camera during the second night and it was filming the sky from then on. No hummingbirds – left a sample pic.",NA,NA,NA,NA,"June","2017","SantaLuciaLower_STLL5506"
"181","23/06/2017","11:30","26/06/2017","11:15","SantaLuciaLower","STLL1251","Palicourea acetosoides",NA,"2","(27)","",NA,NA,NA,NA,"June","2017","SantaLuciaLower_STLL1251"
"182","10/07/2017","10:06","14/07/2017","12:57","SantaLuciaLower","STLL9301","Gasteranthus quitensis",NA,"0,5","(121)","No hummingbirds here.",NA,NA,NA,NA,"July","2017","SantaLuciaLower_STLL9301"
"183","10/07/2017","10:41","14/07/2017","13:07","SantaLuciaLower","STLL1424","Pitcairnia nigra",NA,"3","C025","",NA,NA,NA,NA,"July","2017","SantaLuciaLower_STLL1424"
"184","10/07/2017","11:03","14/07/2017","08:08","SantaLuciaLower","STLL0264","Calathea ischnosiphonoides",NA,"1","(34)","First video overwritten. Insects and Flowerpiercers but no hummingbirds this time.",NA,NA,NA,NA,"July","2017","SantaLuciaLower_STLL0264"
"185","10/07/2017","11:27","14/07/2017","08:23","SantaLuciaLower","STLL5507","Tillandsia complanata",NA,"2","(29)","",NA,NA,NA,NA,"July","2017","SantaLuciaLower_STLL5507"
"186","10/07/2017","11:54","14/07/2017","08:31","SantaLuciaLower","STLL1526","Tillandsia complanata",NA,"2","(27)","",NA,NA,NA,NA,"July","2017","SantaLuciaLower_STLL1526"
"187","14/07/2017","08:20","18/07/2017","11:20","SantaLuciaLower","STLL0265","Calathea ischnosiphonoides",NA,"2","M020","",NA,NA,NA,NA,"July","2017","SantaLuciaLower_STLL0265"
"188","14/07/2017","08:34","18/07/2017","08:39","SantaLuciaLower","STLL1527","Tillandsia complanata",NA,"2","","First video overwritten. Since the flower I'd filmed before had fallen I just turned the camera to the next flower",NA,NA,NA,NA,"July","2017","SantaLuciaLower_STLL1527"
"189","14/07/2017","08:55","18/07/2017","11:06","SantaLuciaLower","STLL5508","Drymonia tenuis",NA,"2","C031","First video overwritten",NA,NA,NA,NA,"July","2017","SantaLuciaLower_STLL5508"
"190","14/07/2017","12:54","18/07/2017","11:31","SantaLuciaLower","STLL1253","Calathea ischnosiphonoides",NA,"1","JMS003","",NA,NA,NA,NA,"July","2017","SantaLuciaLower_STLL1253"
"191","14/07/2017","13:16","18/07/2017","11:45","SantaLuciaLower","STLL9302","Calathea ischnosiphonoides",NA,"2","C015","",NA,NA,NA,NA,"July","2017","SantaLuciaLower_STLL9302"
"192","14/07/2017","13:35","18/07/2017","12:01","SantaLuciaLower","STLL1425","Heliconia burleana",NA,"3","","Seems that I've left the memory card in the camera up in Santa Lucía. Video will be analysed next month => Video analyzed in August",NA,NA,NA,NA,"July","2017","SantaLuciaLower_STLL1425"
"193","21/08/2017","08:25","25/08/2017","08:25","SantaLuciaLower","STLL0266","Heliconia burleana",NA,"1","119","",NA,NA,NA,NA,"August","2017","SantaLuciaLower_STLL0266"
"194","21/08/2017","10:33","25/08/2017","12:23","SantaLuciaLower","STLL5509","Renealmia sessilifolia",NA,"2","C021","First video overwritten",NA,NA,NA,NA,"August","2017","SantaLuciaLower_STLL5509"
"195","21/08/2017","10:46","23/08/2017","18:30","SantaLuciaLower","STLL9303","Burmeistera cylindrocarpa",NA,"1","38","First video overwritten. Flower fell during the second night, but even so - finally we've got some hummingbirds on this one.",NA,NA,NA,NA,"August","2017","SantaLuciaLower_STLL9303"
"196","21/08/2017","10:53","25/08/2017","12:43","SantaLuciaLower","STLL1528","Heliconia impudica",NA,"2","119","",NA,NA,NA,NA,"August","2017","SantaLuciaLower_STLL1528"
"197","21/08/2017","11:20","25/08/2017","08:46","SantaLuciaLower","STLL1254","Calathea ischnosiphonoides",NA,"2","108","",NA,NA,NA,NA,"August","2017","SantaLuciaLower_STLL1254"
"198","21/08/2017","11:53","28/08/2017","08:52","SantaLuciaLower","STLL1426","Tillandsia complanata",NA,"2","","",NA,NA,NA,NA,"August","2017","SantaLuciaLower_STLL1426"
"199","25/08/2017","08:39","28/08/2017","09:27","SantaLuciaLower","STLL0267","Calathea ischnosiphonoides",NA,"2","32","",NA,NA,NA,NA,"August","2017","SantaLuciaLower_STLL0267"
"200","25/08/2017","09:01","28/08/2017","09:36","SantaLuciaLower","STLL1427","Heliconia impudica",NA,"2","31","",NA,NA,NA,NA,"August","2017","SantaLuciaLower_STLL1427"
"201","25/08/2017","09:06","28/08/2017","09:37","SantaLuciaLower","STLL1255","Besleria solanoides",NA,"3","34","",NA,NA,NA,NA,"August","2017","SantaLuciaLower_STLL1255"
"202","25/08/2017","13:02","28/08/2017","12:12","SantaLuciaLower","STLL5510","Centropogon solanifolius",NA,"1","26","Although flower held on to the last moment of filming, it deterioted pretty soon after setting up the camera - this might explain the low number of hits.",NA,NA,NA,NA,"August","2017","SantaLuciaLower_STLL5510"
"203","25/08/2017","13:11","28/08/2017","11:19","SantaLuciaLower","STLL9304","Psammisia sodiroi",NA,"1","M002","Camera stopped filming during third day. Not sure why - possible problem with batteries. Battery power had dropped about 10% (down to 37%) in the last hour that the camera was filming.",NA,NA,NA,NA,"August","2017","SantaLuciaLower_STLL9304"
"204","24/09/2017","10:26","28/09/2017","08:21","SantaLuciaLower","STLL5511","Besleria solanoides",NA,"1","M012","No hummingbirds here.",NA,NA,NA,NA,"September","2017","SantaLuciaLower_STLL5511"
"205","24/09/2017","10:43","28/09/2017","08:20","SantaLuciaLower","STLL1530","Besleria solanoides",NA,"3","108","",NA,NA,NA,NA,"September","2017","SantaLuciaLower_STLL1530"
"206","24/09/2017","10:52","28/09/2017","08:28","SantaLuciaLower","STLL9305","Renealmia sessilifolia",NA,"2","35","",NA,NA,NA,NA,"September","2017","SantaLuciaLower_STLL9305"
"207","24/09/2017","11:25","28/09/2017","08:34","SantaLuciaLower","STLL1428","Centropogon nigricans",NA,"3","36","",NA,NA,NA,NA,"September","2017","SantaLuciaLower_STLL1428"
"208","28/09/2017","08:49","","","SantaLuciaLower","STLL1257","Besleria solanoides",NA,"2","","",NA,NA,NA,NA,"September","2017","SantaLuciaLower_STLL1257"
"209","28/09/2017","08:58","","","SantaLuciaLower","STLL1429","Calathea ischnosiphonoides",NA,"2","","",NA,NA,NA,NA,"September","2017","SantaLuciaLower_STLL1429"
"210","28/09/2017","12:04","","","SantaLuciaLower","STLL1531","Besleria solanoides",NA,"3","","",NA,NA,NA,NA,"September","2017","SantaLuciaLower_STLL1531"
"211","28/09/2017","12:16","","","SantaLuciaLower","STLL9306","Gasteranthus quitensis",NA,"0,5","","",NA,NA,NA,NA,"September","2017","SantaLuciaLower_STLL9306"
"212","06/05/2017","07:42","09/05/2017","11:54","SantaLuciaUpper","STLU5601","Kohleria affinis",NA,"2","","",NA,NA,NA,NA,"May","2017","SantaLuciaUpper_STLU5601"
"213","06/05/2017","07:45","07/05/2017","16:42","SantaLuciaUpper","STLU1249","Fuchsia macrostigma",NA,"2","","Camera filmed until 09.05., but flower fell on second day of filming. There are hummingbirds coming to the plant even after the flower fell",NA,NA,NA,NA,"May","2017","SantaLuciaUpper_STLU1249"
"214","06/05/2017","08:05","09/05/2017","11:42","SantaLuciaUpper","STLU666","Columnea ciliata",NA,"2","","",NA,NA,NA,NA,"May","2017","SantaLuciaUpper_STLU666"
"215","20/06/2017","07:16","23/06/2017","11:38","SantaLuciaUpper","STLU2413","Drymonia teuscheri",NA,"0,5","C022","",NA,NA,NA,NA,"June","2017","SantaLuciaUpper_STLU2413"
"216","20/06/2017","07:50","23/06/2017","11:49","SantaLuciaUpper","STLU5602","Besleria solanoides",NA,"3","(38)","First video overwritten.",NA,NA,NA,NA,"June","2017","SantaLuciaUpper_STLU5602"
"217","20/06/2017","08:13","23/06/2017","12:02","SantaLuciaUpper","STLU2117","Pitcairnia sodiroi",NA,"2","(29)","",NA,NA,NA,NA,"June","2017","SantaLuciaUpper_STLU2117"
"218","20/06/2017","08:41","23/06/2017","12:08","SantaLuciaUpper","STLU667","Besleria solanoides",NA,"3","C002","The quality of the images of this camera is really poor. There's quite a bit of movement which indicates that there were more hummingbirds, but all you can really see are blurs. Even in the better pictures it's difficult to identify the birds. Whether the problem is the age of the camera or light conditions or something else remains to be seen in the future.",NA,NA,NA,NA,"June","2017","SantaLuciaUpper_STLU667"
"219","20/06/2017","09:03","23/06/2017","12:32","SantaLuciaUpper","STLU1155","Begonia longirostris",NA,"0,5","(32)","The usual nothing in the Begonia species. Left a sample image.",NA,NA,NA,NA,"June","2017","SantaLuciaUpper_STLU1155"
"220","23/06/2017","11:44","23/06/2017","15:45","SantaLuciaUpper","STLU2414","Columnea medicinalis",NA,"1","C014","Unfortunately flower fell after three hours. No hits",NA,NA,NA,NA,"June","2017","SantaLuciaUpper_STLU2414"
"221","23/06/2017","11:57","26/06/2017","11:42","SantaLuciaUpper","STLU5603","Centropogon solanifolius",NA,"1","M020","",NA,NA,NA,NA,"June","2017","SantaLuciaUpper_STLU5603"
"222","23/06/2017","12:30","26/06/2017","11:49","SantaLuciaUpper","STLU668","Drymonia teuscheri",NA,"2","(36)","",NA,NA,NA,NA,"June","2017","SantaLuciaUpper_STLU668"
"223","23/06/2017","12:42","26/06/2017","12:10","SantaLuciaUpper","STLU1156","Columnea strigosa",NA,"3","M028","",NA,NA,NA,NA,"June","2017","SantaLuciaUpper_STLU1156"
"224","11/07/2017","09:50","14/07/2017","10:02","SantaLuciaUpper","STLU5604","Palicourea acetosoides",NA,"2","(28)","",NA,NA,NA,NA,"July","2017","SantaLuciaUpper_STLU5604"
"225","11/07/2017","10:25","14/07/2017","10:33","SantaLuciaUpper","STLU1157","Pitcairnia sodiroi",NA,"3","(119)","Flower seems to be gone somewhere during the first night.",NA,NA,NA,NA,"July","2017","SantaLuciaUpper_STLU1157"
"226","11/07/2017","10:35","14/07/2017","08:31","SantaLuciaUpper","STLU669","Glossoloma oblongicalyx",NA,"1","(108)","A bear moved the camera about 90 minutes before I picked it up.",NA,NA,NA,NA,"July","2017","SantaLuciaUpper_STLU669"
"227","11/07/2017","11:00","14/07/2017","07:33","SantaLuciaUpper","STLU9801","Palicourea lineata",NA,"4","(38)","",NA,NA,NA,NA,"July","2017","SantaLuciaUpper_STLU9801"
"228","14/07/2017","09:40","18/07/2017","10:45","SantaLuciaUpper","STLU9002","Drymonia teuscheri",NA,"1","C014","",NA,NA,NA,NA,"July","2017","SantaLuciaUpper_STLU9002"
"229","14/07/2017","10:08","14/07/2017","18:30","SantaLuciaUpper","STLU5605","Centropogon comosus",NA,"0,5","C022","First video overwritten. Something (judging from the tracks around the camera a Puma) moved the camera during first night completely out of position.",NA,NA,NA,NA,"July","2017","SantaLuciaUpper_STLU5605"
"230","14/07/2017","10:48","14/07/2017","12:40","SantaLuciaUpper","STLU1158","Pitcairnia sodiroi",NA,"2","C027","That's a pitty. The camera only seems to have worked four a couple of hours (I don't seen any reason why - in the last pic it still has 62% battery), but there were four hummingbirds of three different species visiting during that time.",NA,NA,NA,NA,"July","2017","SantaLuciaUpper_STLU1158"
"231","14/07/2017","11:17","","","SantaLuciaUpper","STLU670","Pitcairnia sodiroi",NA,"2","","Camera didn't work. Maybe it's finally getting old.",NA,NA,NA,NA,"July","2017","SantaLuciaUpper_STLU670"
"232","14/07/2017","11:25","18/07/2017","10:05","SantaLuciaUpper","STLU9802","Guzmania squarrosa",NA,"2","M014","",NA,NA,NA,NA,"July","2017","SantaLuciaUpper_STLU9802"
"233","22/08/2017","08:55","25/08/2017","09:37","SantaLuciaUpper","STLU9003","Centropogon solanifolius",NA,"1","C031","",NA,NA,NA,NA,"August","2017","SantaLuciaUpper_STLU9003"
"234","22/08/2017","09:46","25/08/2017","09:50","SantaLuciaUpper","STLU1159","Palicourea acetosoides",NA,"2","28","",NA,NA,NA,NA,"August","2017","SantaLuciaUpper_STLU1159"
"235","22/08/2017","10:38","25/08/2017","10:20","SantaLuciaUpper","STLU9803","Palicourea lineata",NA,"2","121","",NA,NA,NA,NA,"August","2017","SantaLuciaUpper_STLU9803"
"236","22/08/2017","11:23","25/08/2017","10:34","SantaLuciaUpper","STLU671","Palicourea lineata",NA,"3","C31","Picture quality extraordinarily bad. Not sure whether this is just due to the unfortunate light conditions or whether it's the camera (exposure time too long). I could have copied many more pictures with gray/black blobs that might have been hummingbirds.",NA,NA,NA,NA,"August","2017","SantaLuciaUpper_STLU671"
"237","25/08/2017","11:07","28/08/2017","10:37","SantaLuciaUpper","STLU5607","Glossoloma oblongicalyx",NA,"2","30","",NA,NA,NA,NA,"August","2017","SantaLuciaUpper_STLU5607"
"238","25/08/2017","11:19","","","SantaLuciaUpper","STLU672","Palicourea lineata",NA,"3","C007","Camera failed three times in a row, filmed for a couple of hours / minutes? Video was unreadable. Probably time that it gets its well-deserved rest after four years.",NA,NA,NA,NA,"August","2017","SantaLuciaUpper_STLU672"
"239","25/08/2017","11:27","28/08/2017","07:29","SantaLuciaUpper","STLU9804","Glossoloma oblongicalyx",NA,"1","JMS001","A bear took down the camera on the last morning. ",NA,NA,NA,NA,"August","2017","SantaLuciaUpper_STLU9804"
"240","25/08/2017","11:39","28/08/2017","10:13","SantaLuciaUpper","STLU1160","Palicourea acetosoides",NA,"2","114","Our Lancebill ? P. Acetosoides theory is getting weaker and weaker. :)",NA,NA,NA,NA,"August","2017","SantaLuciaUpper_STLU1160"
"241","25/08/2017","11:45","28/08/2017","10:12","SantaLuciaUpper","STLU9004","Centropogon solanifolius",NA,"2","C002","",NA,NA,NA,NA,"August","2017","SantaLuciaUpper_STLU9004"
"242","26/09/2017","09:44","28/08/2017","09:48","SantaLuciaUpper","STLU1161","Psammisia sodiroi",NA,"1","M017","",NA,NA,NA,NA,"September","2017","SantaLuciaUpper_STLU1161"
"243","26/09/2017","10:35","28/08/2017","10:29","SantaLuciaUpper","STLU673","Glossoloma oblongicalyx",NA,"1","","",NA,NA,NA,NA,"September","2017","SantaLuciaUpper_STLU673"
"244","26/09/2017","10:45","28/08/2017","10:27","SantaLuciaUpper","STLU9805","Macleania stricta",NA,"2","M028","",NA,NA,NA,NA,"September","2017","SantaLuciaUpper_STLU9805"
"245","26/09/2017","10:59","28/08/2017","10:20","SantaLuciaUpper","STLU9005","Palicourea lineata",NA,"2","","",NA,NA,NA,NA,"September","2017","SantaLuciaUpper_STLU9005"
"246","28/09/2017","09:26","","","SantaLuciaUpper","STLU5609","Centropogon solanifolius",NA,"2","JMS005","",NA,NA,NA,NA,"September","2017","SantaLuciaUpper_STLU5609"
"247","28/09/2017","09:52","","","SantaLuciaUpper","STLU1162","Macleania stricta",NA,"1","32","",NA,NA,NA,NA,"September","2017","SantaLuciaUpper_STLU1162"
"248","28/09/2017","10:26","","","SantaLuciaUpper","STLU9006","Pitcairnia sodiroi",NA,"1","37","",NA,NA,NA,NA,"September","2017","SantaLuciaUpper_STLU9006"
"249","28/09/2017","10:52","","","SantaLuciaUpper","STLU674","Glossoloma oblongicalyx",NA,"2","2","",NA,NA,NA,NA,"September","2017","SantaLuciaUpper_STLU674"
"250","2017-03-24",NA,NA,NA,"UnPocoDelChoco","UPDC0301","Tillandsia cyanea",NA,"0",NA,NA,NA,NA,NA,NA,NA,NA,"UnPocoDelChoco_UPDC0301"
"251","2017-04-23",NA,NA,NA,"UnPocoDelChoco","UPDC0203","Gasteranthus quitensis",NA,"0",NA,NA,NA,NA,NA,NA,NA,NA,"UnPocoDelChoco_UPDC0203"
"252","2017-04-23",NA,NA,NA,"UnPocoDelChoco","UPDC0303","Kohleria villosa",NA,"0",NA,NA,NA,NA,NA,NA,NA,NA,"UnPocoDelChoco_UPDC0303"
"253","2017-05-17",NA,NA,NA,"UnPocoDelChoco","UPDC0305","Pitcairnia nigra",NA,"2","58",NA,NA,NA,NA,NA,NA,NA,"UnPocoDelChoco_UPDC0305"
"254","2017-05-17",NA,NA,NA,"UnPocoDelChoco","UPDC0205","Drymonia turrialvae",NA,"0.5","44",NA,NA,NA,NA,NA,NA,NA,"UnPocoDelChoco_UPDC0205"
"255","2017-05-17",NA,NA,NA,"UnPocoDelChoco","UPDC0601","Drymonia turrialvae",NA,"0.5","51",NA,NA,NA,NA,NA,NA,NA,"UnPocoDelChoco_UPDC0601"
"256","2017-05-17",NA,NA,NA,"UnPocoDelChoco","UPDC0106","Palicourea guianensis",NA,"2","7",NA,NA,NA,NA,NA,NA,NA,"UnPocoDelChoco_UPDC0106"
"257","2017-05-17",NA,NA,NA,"UnPocoDelChoco","UPDC0502","Pitcairnia nigra",NA,"2","4",NA,NA,NA,NA,NA,NA,NA,"UnPocoDelChoco_UPDC0502"
"258","2017-06-14","1899-12-31 07:44:00","2017-06-17","2017-06-17","UnPocoDelChoco","UPDC0307","Heliconia virginalis",NA,"3","47",NA,NA,NA,NA,NA,NA,NA,"UnPocoDelChoco_UPDC0307"
"259","2017-06-14","1899-12-31 14:06:00","2017-06-17","2017-06-17","UnPocoDelChoco","UPDC0603","Heliconia virginalis",NA,"2","51","the memory card no found no photos",NA,NA,NA,NA,NA,NA,"UnPocoDelChoco_UPDC0603"
"260","2017-06-17","1899-12-31 10:42:00","2017-06-20","2017-06-20","UnPocoDelChoco","UPDC0604","Drymonia turrialvae",NA,"0.5","7",NA,NA,NA,NA,NA,NA,NA,"UnPocoDelChoco_UPDC0604"
"261","2017-06-17","1899-12-31 11:10:00","2017-06-20","2017-06-20","UnPocoDelChoco","UPDC0108","Drymonia turrialvae",NA,"0.5","57",NA,NA,NA,NA,NA,NA,NA,"UnPocoDelChoco_UPDC0108"
"262","2017-06-17","1899-12-31 11:32:00","2017-06-20","2017-06-20","UnPocoDelChoco","UPDC0404","Drymonia teuscheri",NA,"3","3",NA,NA,NA,NA,NA,NA,NA,"UnPocoDelChoco_UPDC0404"
"263","2017-06-17","1899-12-31 11:50:00","2017-06-20","2017-06-20","UnPocoDelChoco","UPDC0208","Gasteranthus lateralis",NA,"0.5","4",NA,NA,NA,NA,NA,NA,NA,"UnPocoDelChoco_UPDC0208"
"264","2017-06-17","1899-12-31 12:05:00","2017-06-20","2017-06-20","UnPocoDelChoco","UPDC0308","Heliconia virginalis",NA,"3","6",NA,NA,NA,NA,NA,NA,NA,"UnPocoDelChoco_UPDC0308"
"265","2017-07-19","1899-12-31 12:23:00","2017-07-22","2017-07-22","UnPocoDelChoco","UPDC0505","Drymonia turrialvae",NA,"0.5","6",NA,NA,NA,NA,NA,NA,NA,"UnPocoDelChoco_UPDC0505"
"266","2017-07-19","1899-12-31 12:41:00","2017-07-22","2017-07-22","UnPocoDelChoco","UPDC0605","Heliconia virginalis",NA,"2","51","planta caida al tercer dia",NA,NA,NA,NA,NA,NA,"UnPocoDelChoco_UPDC0605"
"267","2017-07-19","1899-12-31 14:53:00","2017-07-22","2017-07-22","UnPocoDelChoco","UPDC0309","Heliconia virginalis",NA,"1","57",NA,NA,NA,NA,NA,NA,NA,"UnPocoDelChoco_UPDC0309"
"268","2017-07-22","1899-12-31 08:30:00","2017-07-25","2017-07-25","UnPocoDelChoco","UPDC0310","Heliconia virginalis",NA,"1","1",NA,NA,NA,NA,NA,NA,NA,"UnPocoDelChoco_UPDC0310"
"269","2017-07-22","1899-12-31 09:30:00","2017-07-25","2017-07-25","UnPocoDelChoco","UPDC0606","Drymonia turrialvae",NA,"0.5","44",NA,NA,NA,NA,NA,NA,NA,"UnPocoDelChoco_UPDC0606"
"270","2017-07-22","1899-12-31 09:39:00","2017-07-25","2017-07-25","UnPocoDelChoco","UPDC0306","Drymonia turrialvae",NA,"0.5","47",NA,NA,NA,NA,NA,NA,NA,"UnPocoDelChoco_UPDC0306"
"271","2017-07-22","1899-12-31 10:00:00","2017-07-25","2017-07-25","UnPocoDelChoco","UPDC0210","Columnea mastersonii",NA,"2","58",NA,NA,NA,NA,NA,NA,NA,"UnPocoDelChoco_UPDC0210"
"272","2017-08-23","1899-12-31 07:38:00","2017-08-26","2017-08-26","UnPocoDelChoco","UPDC0211","Columnea picta",NA,"2","57",NA,NA,NA,NA,NA,NA,NA,"UnPocoDelChoco_UPDC0211"
"273","2017-08-23","1899-12-31 09:14:00","2017-08-26","2017-08-26","UnPocoDelChoco","UPDC0311","Costus pulverulentus",NA,"1","47",NA,NA,NA,NA,NA,NA,NA,"UnPocoDelChoco_UPDC0311"
"274","2017-08-23","1899-12-31 10:39:00","2017-08-26","2017-08-26","UnPocoDelChoco","UPDC0507","Columnea picta",NA,"1","2",NA,NA,NA,NA,NA,NA,NA,"UnPocoDelChoco_UPDC0507"
"275","2017-08-23","1899-12-31 14:19:00","2017-08-26","2017-08-26","UnPocoDelChoco","UPDC0111","Columnea picta",NA,"0.5","7",NA,NA,NA,NA,NA,NA,NA,"UnPocoDelChoco_UPDC0111"
"276","2017-08-23","1899-12-31 14:25:00","2017-08-26","2017-08-26","UnPocoDelChoco","UPDC0407","Columnea picta",NA,"2","58",NA,NA,NA,NA,NA,NA,NA,"UnPocoDelChoco_UPDC0407"
"277","2017-08-26","1899-12-31 07:21:00","2017-08-29","2017-08-29","UnPocoDelChoco","UPDC0212","Columnea picta",NA,"1","51",NA,NA,NA,NA,NA,NA,NA,"UnPocoDelChoco_UPDC0212"
"278","2017-08-26","1899-12-31 07:24:00","2017-08-29","2017-08-29","UnPocoDelChoco","UPDC0112","Columnea picta",NA,"0.5","1",NA,NA,NA,NA,NA,NA,NA,"UnPocoDelChoco_UPDC0112"
"279","2017-08-26","1899-12-31 07:32:00","2017-08-29","2017-08-29","UnPocoDelChoco","UPDC0408","Columnea picta",NA,"2","44",NA,NA,NA,NA,NA,NA,NA,"UnPocoDelChoco_UPDC0408"
"280","2017-08-26","1899-12-31 07:44:00","2017-08-29","2017-08-29","UnPocoDelChoco","UPDC0312","Costus pulverulentus",NA,"1","3",NA,NA,NA,NA,NA,NA,NA,"UnPocoDelChoco_UPDC0312"
"281","2017-08-26","1899-12-31 08:32:00","2017-08-29","2017-08-29","UnPocoDelChoco","UPDC0508","Pitcairnia nigra",NA,"2","61",NA,NA,NA,NA,NA,NA,NA,"UnPocoDelChoco_UPDC0508"
"282","2017-03-19","1899-12-31 06:00:00","2017-03-22","2017-03-22","Verdecocha","VECO0901","Macleania rupestris",NA,"2","14","VECQ0902",NA,NA,NA,NA,NA,NA,"Verdecocha_VECO0901"
"283","2017-03-19","1899-12-31 06:00:00","2017-03-22","2017-03-22","Verdecocha","VECO1001","Columnea dielsii",NA,"1","15","VECO10 01",NA,NA,NA,NA,NA,NA,"Verdecocha_VECO1001"
"284","2017-03-19","1899-12-31 06:00:00","2017-03-22","2017-03-22","Verdecocha","VECO0201","Palicourea fuchsioides",NA,"1","24","VECO02 01",NA,NA,NA,NA,NA,NA,"Verdecocha_VECO0201"
"285","2017-04-05","1899-12-31 06:00:00","2017-04-08","2017-04-08","Verdecocha","VECO0902","Salvia pichinchensis",NA,"1","3","VECQ0902",NA,NA,NA,NA,NA,NA,"Verdecocha_VECO0902"
"286","2017-04-05","1899-12-31 06:00:00","2017-04-08","2017-04-08","Verdecocha","VECO1002","Macleania rupestris",NA,"2","8","VECO10 02",NA,NA,NA,NA,NA,NA,"Verdecocha_VECO1002"
"287","2017-04-05","1899-12-31 06:00:00","2017-04-08","2017-04-08","Verdecocha","VECO0723","Fuchsia cinerea",NA,"2","23","Camera 7 registered hummingbird at two plants (F.cinerea and P.fuchsioides)",NA,NA,NA,NA,NA,NA,"Verdecocha_VECO0723"
"288","2017-04-05","1899-12-31 06:00:00","2017-04-08","2017-04-08","Verdecocha","VECO0723","Palicourea fuchsioides",NA,"2","23",NA,NA,NA,NA,NA,NA,NA,"Verdecocha_VECO0723"
"289","2017-05-06",NA,"2017-05-09","2017-05-09","Verdecocha","VECO0903","Salvia pichinchensis",NA,"1","41","VECQ0903 (Month is first in the video)",NA,NA,NA,NA,NA,NA,"Verdecocha_VECO0903"
"290","2017-05-06",NA,"2017-05-09","2017-05-09","Verdecocha","VECO0703","Thibaudia floribunda",NA,"2","43","Month is first in the video",NA,NA,NA,NA,NA,NA,"Verdecocha_VECO0703"
"291","2017-05-06","1899-12-31 06:00:00","2017-05-09","2017-05-09","Verdecocha","VECO1003","Fuchsia cinerea",NA,"1","40","Month is first in the video",NA,NA,NA,NA,NA,NA,"Verdecocha_VECO1003"
"292","2017-05-06",NA,"2017-05-09","2017-05-09","Verdecocha","VECO1103","Centropogon pichinchensis",NA,"0.5","45","Month is first in the video",NA,NA,NA,NA,NA,NA,"Verdecocha_VECO1103"
"293","2017-05-10","1899-12-31 11:35:18","2017-05-13","2017-05-13","Verdecocha","VECO1104","Thibaudia floribunda",NA,"2","46",NA,NA,NA,NA,NA,NA,NA,"Verdecocha_VECO1104"
"294","2017-05-09","1899-12-31 11:39:04","2017-05-13","2017-05-13","Verdecocha","VECO0704","Heppiella repens",NA,"3","48",NA,NA,NA,NA,NA,NA,NA,"Verdecocha_VECO0704"
"295","2017-05-10","1899-12-31 06:00:07","2017-05-13","2017-05-13","Verdecocha","VECO1004","Thibaudia floribunda",NA,"2","50","VECO10 04",NA,NA,NA,NA,NA,NA,"Verdecocha_VECO1004"
"296","2017-05-10","1899-12-31 06:00:07","2017-05-13","2017-05-13","Verdecocha","VECO0204","Salvia pichinchensis",NA,"1","52","VECO02 04",NA,NA,NA,NA,NA,NA,"Verdecocha_VECO0204"
"297","2017-06-12","1899-12-31 16:05:34","2014-06-16","2014-06-16","Verdecocha","VECO0904","Thibaudia floribunda",NA,"2","45","We did not change the event number (it should be 05 for June) since we did not considered the came change as a new event",NA,NA,NA,NA,NA,NA,"Verdecocha_VECO0904"
"298","2017-06-13","1899-12-31 16:18:51","2014-06-16","2014-06-16","Verdecocha","VECO3104","Disterigma alaternoides",NA,"1","43",NA,NA,NA,NA,NA,NA,NA,"Verdecocha_VECO3104"
"299","2017-06-13","1899-12-31 17:56:25","2014-06-14","2014-06-14","Verdecocha","VECO0204","Salvia pichinchensis",NA,"1","46","do not recorded, I<U+00B4>m not sure what happened",NA,NA,NA,NA,NA,NA,"Verdecocha_VECO0204"
"300","2017-06-16","1899-12-31 16:10:32","2017-06-21","2017-06-21","Verdecocha","VECO0905","Disterigma codonanthum",NA,"1","53",NA,NA,NA,NA,NA,NA,NA,"Verdecocha_VECO0905"
"301","2017-07-11",NA,NA,NA,"Verdecocha","VECO1006","Thibaudia floribunda",NA,"1.5","43","do not recorded, I<U+00B4>m not sure what happened",NA,NA,NA,NA,NA,NA,"Verdecocha_VECO1006"
"302","2017-07-11","1899-12-31 09:47:50","2017-07-14","2017-07-14","Verdecocha","VECO0706","Racinaea tetrantha",NA,"2","41",NA,NA,NA,NA,NA,NA,NA,"Verdecocha_VECO0706"
"303","2017-07-11","1899-12-31 11:44:26","2017-07-14","2017-07-14","Verdecocha","VECO3106","Palicourea fuchsioides",NA,"2","46",NA,NA,NA,NA,NA,NA,NA,"Verdecocha_VECO3106"
"304","2017-07-14","1899-12-31 12:29:43","2017-07-18","2017-07-18","Verdecocha","VECO0207","Racinaea tetrantha",NA,NA,"73",NA,NA,NA,NA,NA,NA,NA,"Verdecocha_VECO0207"
"305","2017-07-14","1899-12-31 13:27:53","2017-07-18","2017-07-18","Verdecocha","VECO0907","Gaultheria insipida",NA,NA,"48",NA,NA,NA,NA,NA,NA,NA,"Verdecocha_VECO0907"
"306","2017-07-14","1899-12-31 14:27:53","2017-07-18","2017-07-18","Verdecocha","VECO3107","Racinaea tetrantha",NA,NA,"52",NA,NA,NA,NA,NA,NA,NA,"Verdecocha_VECO3107"
"307","2017-07-14","1899-12-31 13:38:35","2017-07-18","2017-07-18","Verdecocha","VECO1007","Thibaudia floribunda",NA,NA,"54",NA,NA,NA,NA,NA,NA,NA,"Verdecocha_VECO1007"
"308","2017-07-15","1899-12-31 06:00:07","2017-07-18","2017-07-18","Verdecocha","VECO1107","Columnea dielsii",NA,NA,"43",NA,NA,NA,NA,NA,NA,NA,"Verdecocha_VECO1107"
"309","2017-07-15","1899-12-31 06:00:07","2017-07-18","2017-07-18","Verdecocha","VECO0707","Heppiella repens",NA,NA,"72",NA,NA,NA,NA,NA,NA,NA,"Verdecocha_VECO0707"
"310","2017-08-10","1899-12-31 09:27:33","2017-08-14","2017-08-14","Verdecocha","VECO0708","Aetanthus nodosus",NA,NA,"49",NA,NA,NA,NA,NA,NA,NA,"Verdecocha_VECO0708"
"311","2017-08-10","1899-12-31 10:11:16","2017-08-14","2017-08-14","Verdecocha","VECO0908","Thibaudia floribunda",NA,NA,"62",NA,NA,NA,NA,NA,NA,NA,"Verdecocha_VECO0908"
"312","2017-08-10","1899-12-31 10:58:20","2017-08-14","2017-08-14","Verdecocha","VECO3408","Racinaea tetrantha",NA,NA,"56",NA,NA,NA,NA,NA,NA,NA,"Verdecocha_VECO3408"
"313","2017-08-10","1899-12-31 11:21:19","2017-08-13","2017-08-13","Verdecocha","VECO3508","Heppiella repens",NA,NA,"59",NA,NA,NA,NA,NA,NA,NA,"Verdecocha_VECO3508"
"314","2017-08-14","1899-12-31 10:59:44","2017-08-17","2017-08-17","Verdecocha","VECO0709","Heppiella repens",NA,NA,"42",NA,NA,NA,NA,NA,NA,NA,"Verdecocha_VECO0709"
"315","2017-08-14","1899-12-31 12:33:59","2017-08-17","2017-08-17","Verdecocha","VECO3409","Racinaea tetrantha",NA,NA,"52",NA,NA,NA,NA,NA,NA,NA,"Verdecocha_VECO3409"
"316","2017-08-14","1899-12-31 13:28:12","2017-08-17","2017-08-17","Verdecocha","VECO3609","Thibaudia floribunda",NA,NA,"54",NA,NA,NA,NA,NA,NA,NA,"Verdecocha_VECO3609"
"317","18/02/2017",NA,"42788","42788","Yanacocha","YAN502","Fuchsia cinerea",NA,"1","5","Month first in the video",NA,NA,NA,NA,"February","2017","Yanacocha_YAN502"
"318","18/02/2017",NA,"42788","42788","Yanacocha","YAN902","Fuchsia cinerea",NA,"1","9","Month first in the video",NA,NA,NA,NA,"February","2017","Yanacocha_YAN902"
"319","18/02/2017",NA,"42788","42788","Yanacocha","YAN301","Columnea dielsii",NA,"1","3",NA,NA,NA,NA,NA,"February","2017","Yanacocha_YAN301"
"320","18/02/2017",NA,"42788","42788","Yanacocha","YAN202","Gaultheria insipida",NA,"0.5","2B","Month first in the video",NA,NA,NA,NA,"February","2017","Yanacocha_YAN202"
"321","18/02/2017",NA,"42788","42788","Yanacocha","YAN701","Centropogon pichinchensis",NA,"0.5","7","Month first in the video",NA,NA,NA,NA,"February","2017","Yanacocha_YAN701"
"322","18/02/2017",NA,"42788","42788","Yanacocha","YAN104","Nasa grandiflora",NA,NA,NA,"Month first in the video",NA,NA,NA,NA,"February","2017","Yanacocha_YAN104"
"323","18/03/2017",NA,"42815","42815","Yanacocha","YAN301","Fuchsia cinerea",NA,"1","5",NA,NA,NA,NA,NA,"March","2017","Yanacocha_YAN301"
"324","18/03/2017",NA,"42815","42815","Yanacocha","YAN502","Nasa grandiflora",NA,"1","8","Month first in the video",NA,NA,NA,NA,"March","2017","Yanacocha_YAN502"
"325","18/03/2017",NA,"42815","42815","Yanacocha","YAN701","Passiflora cumbalensis",NA,"3","23","Month first in the video",NA,NA,NA,NA,"March","2017","Yanacocha_YAN701"
"326","18/03/2017",NA,"42815","42815","Yanacocha","YANA","Macleania rupestris",NA,"1.5","25","Month first in the video",NA,NA,NA,NA,"March","2017","Yanacocha_YANA"
"327","18/03/2017",NA,"42815","42815","Yanacocha","YAN104","Salvia pichinchensis",NA,"1","26","Month first in the video",NA,NA,NA,NA,"March","2017","Yanacocha_YAN104"
"328","05/04/2017","1899-12-31 06:00:08","42833","42833","Yanacocha","YANA0401","Salvia pichinchensis",NA,"1","2",NA,NA,NA,NA,NA,"April","2017","Yanacocha_YANA0401"
"329","05/04/2017","1899-12-31 06:00:08","42833","42833","Yanacocha","YANA0301","Columnea dielsii",NA,"1","6",NA,NA,NA,NA,NA,"April","2017","Yanacocha_YANA0301"
"330","05/04/2017","1899-12-31 06:00:08","42833","42833","Yanacocha","YANA0501","Fuchsia cinerea",NA,"2","5","Month first in the video",NA,NA,NA,NA,"April","2017","Yanacocha_YANA0501"
"331","05/04/2017","1899-12-31 06:00:08","42833","42833","Yanacocha","YANA0201","Centropogon pichinchensis",NA,"1","1","Month first in the video",NA,NA,NA,NA,"April","2017","Yanacocha_YANA0201"
"332","06/05/2017","1899-12-31 11:04:56","08/05/2017","08/05/2017","Yanacocha","YANA1203","Columnea dielsii",NA,"1","54",NA,NA,NA,NA,NA,"May","2017","Yanacocha_YANA1203"
"333","06/05/2017","1899-12-31 10:21:29","09/05/2017","09/05/2017","Yanacocha","YANA0403","Nasa grandiflora",NA,"0.5","55","videoYANA04003",NA,NA,NA,NA,"May","2017","Yanacocha_YANA0403"
"334","06/05/2017","1899-12-31 10:31:43","09/05/2017","09/05/2017","Yanacocha","YANA0503","Salvia pichinchensis",NA,"1","56","videoYANA05003",NA,NA,NA,NA,"May","2017","Yanacocha_YANA0503"
"335","10/05/2017","1899-12-31 11:32:47","13/05/2017","13/05/2017","Yanacocha","YANA0404","Salvia pichinchensis",NA,"1","62","videoYANA04004",NA,NA,NA,NA,"May","2017","Yanacocha_YANA0404"
"336","09/05/2017","1899-12-31 11:31:07","42867","42867","Yanacocha","YANA0504","Pernettya prostrata",NA,"1","63","videoYANA05004",NA,NA,NA,NA,"May","2017","Yanacocha_YANA0504"
"337","09/05/2017","1899-12-31 16:22:49","13/05/2017","13/05/2017","Yanacocha","YANA1204","Passiflora cumbalensis",NA,"2","64",NA,NA,NA,NA,NA,"May","2017","Yanacocha_YANA1204"
"338","14/06/2017","1899-12-31 17:47:33","18/06/2017","18/06/2017","Yanacocha","YANA1205","Salvia pichinchensis",NA,"2","59",NA,NA,NA,NA,NA,"June","2017","Yanacocha_YANA1205"
"339","14/06/2017","1899-12-31 12:39:53","18/06/2017","18/06/2017","Yanacocha","YANA0305","Centropogon pichinchensis",NA,"1","55",NA,NA,NA,NA,NA,"June","2017","Yanacocha_YANA0305"
"340","14/06/2017","1899-12-31 11:54:30","18/06/2017","18/06/2017","Yanacocha","YANA0505","Centropogon pichinchensis",NA,"2","60",NA,NA,NA,NA,NA,"June","2017","Yanacocha_YANA0505"
"341","14/06/2017","1899-12-31 10:36:54","18/06/2017","18/06/2017","Yanacocha","YANA3305","Macleania rupestris",NA,"3","63",NA,NA,NA,NA,NA,"June","2017","Yanacocha_YANA3305"
"342","19/06/2017","1899-12-31 06:00:07","22/06/2017","22/06/2017","Yanacocha","YANA0506","Centropogon pichinchensis",NA,NA,"24",NA,NA,NA,NA,NA,"June","2017","Yanacocha_YANA0506"
"343","19/06/2017","1899-12-31 17:39:24","22/06/2017","22/06/2017","Yanacocha","YANA3206","Fuchsia cinerea",NA,NA,"20",NA,NA,NA,NA,NA,"June","2017","Yanacocha_YANA3206"
"344","19/06/2017","1899-12-31 12:30:35","22/06/2017","22/06/2017","Yanacocha","YANA3306","Palicourea fuchsioides",NA,NA,"19",NA,NA,NA,NA,NA,"June","2017","Yanacocha_YANA3306"
"345","14/07/2017","1899-12-31 15:58:45","18/07/2017","18/07/2017","Yanacocha","YANA0307","Macleania rupestris",NA,"2","19",NA,NA,NA,NA,NA,"July","2017","Yanacocha_YANA0307"
"346","14/07/2017","1899-12-31 10:55:47","18/07/2017","18/07/2017","Yanacocha","YANA0507","Barnadesia spinosa",NA,"2","21",NA,NA,NA,NA,NA,"July","2017","Yanacocha_YANA0507"
"347","14/07/2017","1899-12-31 10:24:47","18/07/2017","18/07/2017","Yanacocha","YANA1207","Bomarea lutea",NA,"2","22",NA,NA,NA,NA,NA,"July","2017","Yanacocha_YANA1207"
"348","14/07/2017","1899-12-31 11:20:24","18/07/2017","18/07/2017","Yanacocha","YANA3207","Salvia pichinchensis",NA,"1","23",NA,NA,NA,NA,NA,"July","2017","Yanacocha_YANA3207"
"349","14/07/2017","1899-12-31 18:15:27","18/07/2017","18/07/2017","Yanacocha","YANA3307","Pernettya prostrata",NA,"2","24",NA,NA,NA,NA,NA,"July","2017","Yanacocha_YANA3307"
"350","18/07/2017","1899-12-31 15:10:34","22/07/2017","22/07/2017","Yanacocha","YANA0408","Nasa grandiflora",NA,"0.5","20",NA,NA,NA,NA,NA,"July","2017","Yanacocha_YANA0408"
"351","18/07/2017","1899-12-31 08:50:59","22/07/2017","22/07/2017","Yanacocha","YANA0508","Nasa grandiflora",NA,"1","55",NA,NA,NA,NA,NA,"July","2017","Yanacocha_YANA0508"
"352","18/07/2017","1899-12-31 15:10:13","22/07/2017","22/07/2017","Yanacocha","YANA3308","Salvia pichinchensis",NA,"1","59",NA,NA,NA,NA,NA,"July","2017","Yanacocha_YANA3308"
"353","19/07/2017","1899-12-31 06:00:07","22/07/2017","22/07/2017","Yanacocha","YANA1208","Fuchsia cinerea",NA,"1","60",NA,NA,NA,NA,NA,"July","2017","Yanacocha_YANA1208"
"354","18/07/2017","1899-12-31 07:36:17","22/07/2017","22/07/2017","Yanacocha","YANA0308","Centropogon pichinchensis",NA,"1","62",NA,NA,NA,NA,NA,"July","2017","Yanacocha_YANA0308"
"355","09/08/2017","1899-12-31 08:02:57","12/08/2017","12/08/2017","Yanacocha","YANA0309","Gaultheria insipida",NA,"2","17",NA,NA,NA,NA,NA,"August","2017","Yanacocha_YANA0309"
"356","09/08/2017","1899-12-31 08:54:17","12/08/2017","12/08/2017","Yanacocha","YANA0409","Barnadesia spinosa",NA,"3","18",NA,NA,NA,NA,NA,"August","2017","Yanacocha_YANA0409"
"357","09/08/2017","1899-12-31 11:13:52","12/08/2017","12/08/2017","Yanacocha","YANA3209","Fuchsia cinerea","Fuchsia ayavasensis","1","101",NA,NA,NA,NA,NA,"August","2017","Yanacocha_YANA3209"
"358","09/08/2017","1899-12-31 10:55:35","12/08/2017","12/08/2017","Yanacocha","YANA3309","Disterigma alaternoides","Disterigma noyesiae","2","102",NA,NA,NA,NA,NA,"August","2017","Yanacocha_YANA3309"
"359","10/08/2017","1899-12-31 07:46:16","12/08/2017","12/08/2017","Yanacocha","YANA3709","Gaultheria insipida",NA,"1","47","Since one camera was broken (button) we place a new one the following day in our way to Verdecocha",NA,NA,NA,NA,"August","2017","Yanacocha_YANA3709"
"360","09/08/2017","1899-12-31 10:09:28","12/08/2017","12/08/2017","Yanacocha","YANA0509","Bomarea lutea",NA,"1","20",NA,NA,NA,NA,NA,"August","2017","Yanacocha_YANA0509"
"361","12/08/2017","1899-12-31 12:44:26","16/08/2017","16/08/2017","Yanacocha","YANA0510","Palicourea fuchsioides",NA,"1","22","YANA0509 at the video, assistant forgot to change",NA,NA,NA,NA,"August","2017","Yanacocha_YANA0510"
"362","12/08/2017","1899-12-31 13:07:22","16/08/2017","16/08/2017","Yanacocha","YANA3310","Bomarea lutea",NA,"1","23",NA,NA,NA,NA,NA,"August","2017","Yanacocha_YANA3310"
"363","13/08/2017","1899-12-31 06:00:07","16/08/2017","16/08/2017","Yanacocha","YANA3710","Bomarea multiflora",NA,"2","24",NA,NA,NA,NA,NA,"August","2017","Yanacocha_YANA3710"
"364","12/08/2017","1899-12-31 13:48:36","16/08/2017","16/08/2017","Yanacocha","YANA3210","Barnadesia spinosa",NA,"1","26",NA,NA,NA,NA,NA,"August","2017","Yanacocha_YANA3210"
"365","12/08/2017","1899-12-31 12:23:54","16/08/2017","16/08/2017","Yanacocha","YANA0410","Salvia pichinchensis",NA,"2","21",NA,NA,NA,NA,NA,"August","2017","Yanacocha_YANA0410"
"366","08/09/2017","1899-12-31 10:23:57","11/09/2017","11/09/2017","Yanacocha","YANA0411","Bomarea lutea",NA,"3","21",NA,NA,NA,NA,NA,"September","2017","Yanacocha_YANA0411"
"367","08/09/2017","1899-12-31 10:47:16","10/09/2017","10/09/2017","Yanacocha","YANA0511","Nasa grandiflora",NA,"0.5","26",NA,NA,NA,NA,NA,"September","2017","Yanacocha_YANA0511"
