"","lon","lat","ele","time","name","sym","site","cmt","desc","extensions","type","link"
"1",-78.5659739,-0.1199261,NA,"22-SEP-10 9:29:04","004","Flag, Blue","Alaspungo","22-SEP-10 9:29:04","22-SEP-10 9:29:04","SymbolAndName",NA,NA
"2",-78.4859491,-0.1694792,NA,"09-ABR-18 18:20:05","013","Flag, Blue","Alaspungo","09-ABR-18 18:20:05","09-ABR-18 18:20:05","SymbolAndName",NA,NA
"3",-78.6284489,-0.003922,NA,"16-AGO-18 8:55:39","038","Flag, Blue","Alaspungo","16-AGO-18 8:55:39","16-AGO-18 8:55:39","SymbolAndName",NA,NA
"4",-78.6284489,-0.003922,NA,"16-AGO-18 8:55:48","039","Flag, Blue","Alaspungo","16-AGO-18 8:55:48","16-AGO-18 8:55:48","SymbolAndName",NA,NA
"5",-78.6284489,-0.003922,NA,"16-AGO-18 9:05:22","040","Flag, Blue","Alaspungo","16-AGO-18 9:05:22","16-AGO-18 9:05:22","SymbolAndName",NA,NA
"6",-78.6284489,-0.003922,NA,"16-AGO-18 9:07:38","041","Flag, Blue","Alaspungo","16-AGO-18 9:07:38","16-AGO-18 9:07:38","SymbolAndName",NA,NA
"7",-78.6284489,-0.003922,NA,"16-AGO-18 9:07:53","042","Flag, Blue","Alaspungo","16-AGO-18 9:07:53","16-AGO-18 9:07:53","SymbolAndName",NA,NA
"8",-78.6284489,-0.003922,NA,"16-AGO-18 9:08:14","043","Flag, Blue","Alaspungo","16-AGO-18 9:08:14","16-AGO-18 9:08:14","SymbolAndName",NA,NA
"9",-78.6284489,-0.003922,NA,"16-AGO-18 9:09:14","046","Flag, Blue","Alaspungo","16-AGO-18 9:09:14","16-AGO-18 9:09:14","SymbolAndName",NA,NA
"10",-78.6284489,-0.003922,NA,"16-AGO-18 9:09:39","047","Flag, Blue","Alaspungo","16-AGO-18 9:09:39","16-AGO-18 9:09:39","SymbolAndName",NA,NA
"11",-78.6284489,-0.003922,NA,"16-AGO-18 9:09:50","048","Flag, Blue","Alaspungo","16-AGO-18 9:09:50","16-AGO-18 9:09:50","SymbolAndName",NA,NA
"12",-78.6284489,-0.003922,NA,"16-AGO-18 9:09:57","049","Flag, Blue","Alaspungo","16-AGO-18 9:09:57","16-AGO-18 9:09:57","SymbolAndName",NA,NA
"13",-78.6284489,-0.003922,NA,"16-AGO-18 9:10:04","050","Flag, Blue","Alaspungo","16-AGO-18 9:10:04","16-AGO-18 9:10:04","SymbolAndName",NA,NA
"14",-78.6284489,-0.003922,NA,"16-AGO-18 9:10:05","051","Flag, Blue","Alaspungo","16-AGO-18 9:10:05","16-AGO-18 9:10:05","SymbolAndName",NA,NA
"15",-78.6284489,-0.003922,NA,"16-AGO-18 9:10:07","052","Flag, Blue","Alaspungo","16-AGO-18 9:10:07","16-AGO-18 9:10:07","SymbolAndName",NA,NA
"16",-78.6284489,-0.003922,NA,"16-AGO-18 9:10:42","053","Flag, Blue","Alaspungo","16-AGO-18 9:10:42","16-AGO-18 9:10:42","SymbolAndName",NA,NA
"17",-78.6284489,-0.003922,NA,"16-AGO-18 9:10:43","054","Flag, Blue","Alaspungo","16-AGO-18 9:10:43","16-AGO-18 9:10:43","SymbolAndName",NA,NA
"18",-78.6284489,-0.003922,NA,"16-AGO-18 9:10:48","055","Flag, Blue","Alaspungo","16-AGO-18 9:10:48","16-AGO-18 9:10:48","SymbolAndName",NA,NA
"19",-78.6284489,-0.003922,NA,"16-AGO-18 9:11:28","056","Flag, Blue","Alaspungo","16-AGO-18 9:11:28","16-AGO-18 9:11:28","SymbolAndName",NA,NA
"20",-78.6284489,-0.003922,NA,"16-AGO-18 9:11:32","057","Flag, Blue","Alaspungo","16-AGO-18 9:11:32","16-AGO-18 9:11:32","SymbolAndName",NA,NA
"21",-78.6284489,-0.003922,NA,"16-AGO-18 9:11:41","058","Flag, Blue","Alaspungo","16-AGO-18 9:11:41","16-AGO-18 9:11:41","SymbolAndName",NA,NA
"22",-78.6284489,-0.003922,NA,"16-AGO-18 9:11:44","059","Flag, Blue","Alaspungo","16-AGO-18 9:11:44","16-AGO-18 9:11:44","SymbolAndName",NA,NA
"23",-78.6284489,-0.003922,NA,"16-AGO-18 9:11:58","060","Flag, Blue","Alaspungo","16-AGO-18 9:11:58","16-AGO-18 9:11:58","SymbolAndName",NA,NA
"24",-78.6284489,-0.003922,NA,"16-AGO-18 9:15:47","061","Flag, Blue","Alaspungo","16-AGO-18 9:15:47","16-AGO-18 9:15:47","SymbolAndName",NA,NA
"25",-78.6284489,-0.003922,NA,"16-AGO-18 8:53:11","062","Flag, Blue","Alaspungo","16-AGO-18 8:53:11","16-AGO-18 8:53:11","SymbolAndName",NA,NA
"26",-78.6284489,-0.003922,NA,"16-AGO-18 9:42:19","063","Flag, Blue","Alaspungo","16-AGO-18 9:42:19","16-AGO-18 9:42:19","SymbolAndName",NA,NA
"27",-78.6284489,-0.003922,NA,"16-AGO-18 9:42:25","064","Flag, Blue","Alaspungo","16-AGO-18 9:42:25","16-AGO-18 9:42:25","SymbolAndName",NA,NA
"28",-78.6284489,-0.003922,NA,"16-AGO-18 9:42:46","065","Flag, Blue","Alaspungo","16-AGO-18 9:42:46","16-AGO-18 9:42:46","SymbolAndName",NA,NA
"29",-78.6284489,-0.003922,NA,"16-AGO-18 9:43:13","066","Flag, Blue","Alaspungo","16-AGO-18 9:43:13","16-AGO-18 9:43:13","SymbolAndName",NA,NA
"30",-78.6284489,-0.003922,NA,"16-AGO-18 9:43:22","067","Flag, Blue","Alaspungo","16-AGO-18 9:43:22","16-AGO-18 9:43:22","SymbolAndName",NA,NA
"31",-78.6284489,-0.003922,NA,"16-AGO-18 9:43:26","068","Flag, Blue","Alaspungo","16-AGO-18 9:43:26","16-AGO-18 9:43:26","SymbolAndName",NA,NA
"32",-78.6284489,-0.003922,NA,"16-AGO-18 8:35:07","069","Flag, Blue","Alaspungo","16-AGO-18 8:35:07","16-AGO-18 8:35:07","SymbolAndName",NA,NA
"33",-78.6284489,-0.003922,NA,"16-AGO-18 8:36:17","070","Flag, Blue","Alaspungo","16-AGO-18 8:36:17","16-AGO-18 8:36:17","SymbolAndName",NA,NA
"34",-78.6284489,-0.003922,NA,"16-AGO-18 8:36:22","071","Flag, Blue","Alaspungo","16-AGO-18 8:36:22","16-AGO-18 8:36:22","SymbolAndName",NA,NA
"35",-78.6284489,-0.003922,NA,"16-AGO-18 8:36:27","072","Flag, Blue","Alaspungo","16-AGO-18 8:36:27","16-AGO-18 8:36:27","SymbolAndName",NA,NA
"36",-78.6284489,-0.003922,NA,"16-AGO-18 8:37:07","073","Flag, Blue","Alaspungo","16-AGO-18 8:37:07","16-AGO-18 8:37:07","SymbolAndName",NA,NA
"37",-78.6284489,-0.003922,NA,"16-AGO-18 8:37:20","074","Flag, Blue","Alaspungo","16-AGO-18 8:37:20","16-AGO-18 8:37:20","SymbolAndName",NA,NA
"38",-78.6284489,-0.003922,NA,"16-AGO-18 8:37:57","075","Flag, Blue","Alaspungo","16-AGO-18 8:37:57","16-AGO-18 8:37:57","SymbolAndName",NA,NA
"39",-78.6284489,-0.003922,NA,"16-AGO-18 8:38:04","076","Flag, Blue","Alaspungo","16-AGO-18 8:38:04","16-AGO-18 8:38:04","SymbolAndName",NA,NA
"40",-78.6284489,-0.003922,NA,"16-AGO-18 8:43:49","077","Flag, Blue","Alaspungo","16-AGO-18 8:43:49","16-AGO-18 8:43:49","SymbolAndName",NA,NA
"41",-78.6284489,-0.003922,NA,"16-AGO-18 8:44:32","078","Flag, Blue","Alaspungo","16-AGO-18 8:44:32","16-AGO-18 8:44:32","SymbolAndName",NA,NA
"42",-78.6284489,-0.003922,NA,"16-AGO-18 8:44:44","079","Flag, Blue","Alaspungo","16-AGO-18 8:44:44","16-AGO-18 8:44:44","SymbolAndName",NA,NA
"43",-78.6284489,-0.003922,NA,"16-AGO-18 8:44:52","080","Flag, Blue","Alaspungo","16-AGO-18 8:44:52","16-AGO-18 8:44:52","SymbolAndName",NA,NA
"44",-78.6284489,-0.003922,NA,"16-AGO-18 8:44:55","081","Flag, Blue","Alaspungo","16-AGO-18 8:44:55","16-AGO-18 8:44:55","SymbolAndName",NA,NA
"45",-78.6284489,-0.003922,NA,"16-AGO-18 8:45:12","082","Flag, Blue","Alaspungo","16-AGO-18 8:45:12","16-AGO-18 8:45:12","SymbolAndName",NA,NA
"46",-78.6284489,-0.003922,NA,"16-AGO-18 8:45:14","083","Flag, Blue","Alaspungo","16-AGO-18 8:45:14","16-AGO-18 8:45:14","SymbolAndName",NA,NA
"47",-78.6284489,-0.003922,NA,"16-AGO-18 8:45:18","084","Flag, Blue","Alaspungo","16-AGO-18 8:45:18","16-AGO-18 8:45:18","SymbolAndName",NA,NA
"48",-78.6284489,-0.003922,NA,"16-AGO-18 8:45:21","085","Flag, Blue","Alaspungo","16-AGO-18 8:45:21","16-AGO-18 8:45:21","SymbolAndName",NA,NA
"49",-78.6284489,-0.003922,NA,"16-AGO-18 8:45:25","086","Flag, Blue","Alaspungo","16-AGO-18 8:45:25","16-AGO-18 8:45:25","SymbolAndName",NA,NA
"50",-78.6284489,-0.003922,NA,"16-AGO-18 8:45:26","087","Flag, Blue","Alaspungo","16-AGO-18 8:45:26","16-AGO-18 8:45:26","SymbolAndName",NA,NA
"51",-78.6284489,-0.003922,NA,"16-AGO-18 8:45:27","088","Flag, Blue","Alaspungo","16-AGO-18 8:45:27","16-AGO-18 8:45:27","SymbolAndName",NA,NA
"52",-78.6284489,-0.003922,NA,"16-AGO-18 8:45:28","089","Flag, Blue","Alaspungo","16-AGO-18 8:45:28","16-AGO-18 8:45:28","SymbolAndName",NA,NA
"53",-78.6284489,-0.003922,NA,"16-AGO-18 8:45:30","090","Flag, Blue","Alaspungo","16-AGO-18 8:45:30","16-AGO-18 8:45:30","SymbolAndName",NA,NA
"54",-78.6284489,-0.003922,NA,"16-AGO-18 8:45:31","091","Flag, Blue","Alaspungo","16-AGO-18 8:45:31","16-AGO-18 8:45:31","SymbolAndName",NA,NA
"55",-78.6284489,-0.003922,NA,"16-AGO-18 8:45:32","092","Flag, Blue","Alaspungo","16-AGO-18 8:45:32","16-AGO-18 8:45:32","SymbolAndName",NA,NA
"56",-78.6284489,-0.003922,NA,"16-AGO-18 8:45:35","093","Flag, Blue","Alaspungo","16-AGO-18 8:45:35","16-AGO-18 8:45:35","SymbolAndName",NA,NA
"57",-78.6284489,-0.003922,NA,"16-AGO-18 8:45:39","094","Flag, Blue","Alaspungo","16-AGO-18 8:45:39","16-AGO-18 8:45:39","SymbolAndName",NA,NA
"58",-78.6284489,-0.003922,NA,"16-AGO-18 8:45:40","095","Flag, Blue","Alaspungo","16-AGO-18 8:45:40","16-AGO-18 8:45:40","SymbolAndName",NA,NA
"59",-78.6284489,-0.003922,NA,"16-AGO-18 8:45:42","096","Flag, Blue","Alaspungo","16-AGO-18 8:45:42","16-AGO-18 8:45:42","SymbolAndName",NA,NA
"60",-78.6284489,-0.003922,NA,"16-AGO-18 8:45:43","097","Flag, Blue","Alaspungo","16-AGO-18 8:45:43","16-AGO-18 8:45:43","SymbolAndName",NA,NA
"61",-78.6284489,-0.003922,NA,"16-AGO-18 8:45:45","098","Flag, Blue","Alaspungo","16-AGO-18 8:45:45","16-AGO-18 8:45:45","SymbolAndName",NA,NA
"62",-78.6284489,-0.003922,NA,"16-AGO-18 8:45:48","099","Flag, Blue","Alaspungo","16-AGO-18 8:45:48","16-AGO-18 8:45:48","SymbolAndName",NA,NA
"63",-78.6284489,-0.003922,NA,"16-AGO-18 8:45:50","100","Flag, Blue","Alaspungo","16-AGO-18 8:45:50","16-AGO-18 8:45:50","SymbolAndName",NA,NA
"64",-78.6284489,-0.003922,NA,"16-AGO-18 8:45:52","101","Flag, Blue","Alaspungo","16-AGO-18 8:45:52","16-AGO-18 8:45:52","SymbolAndName",NA,NA
"65",-78.6284489,-0.003922,NA,"16-AGO-18 8:45:53","102","Flag, Blue","Alaspungo","16-AGO-18 8:45:53","16-AGO-18 8:45:53","SymbolAndName",NA,NA
"66",-78.6284489,-0.003922,NA,"16-AGO-18 8:45:56","103","Flag, Blue","Alaspungo","16-AGO-18 8:45:56","16-AGO-18 8:45:56","SymbolAndName",NA,NA
"67",-78.6284489,-0.003922,NA,"16-AGO-18 8:45:57","104","Flag, Blue","Alaspungo","16-AGO-18 8:45:57","16-AGO-18 8:45:57","SymbolAndName",NA,NA
"68",-78.6284489,-0.003922,NA,"16-AGO-18 8:45:59","105","Flag, Blue","Alaspungo","16-AGO-18 8:45:59","16-AGO-18 8:45:59","SymbolAndName",NA,NA
"69",-78.6284489,-0.003922,NA,"16-AGO-18 8:46:02","106","Flag, Blue","Alaspungo","16-AGO-18 8:46:02","16-AGO-18 8:46:02","SymbolAndName",NA,NA
"70",-78.6284489,-0.003922,NA,"16-AGO-18 8:46:08","107","Flag, Blue","Alaspungo","16-AGO-18 8:46:08","16-AGO-18 8:46:08","SymbolAndName",NA,NA
"71",-78.6284489,-0.003922,NA,"16-AGO-18 8:46:12","108","Flag, Blue","Alaspungo","16-AGO-18 8:46:12","16-AGO-18 8:46:12","SymbolAndName",NA,NA
"72",-78.6284489,-0.003922,NA,"16-AGO-18 8:46:13","109","Flag, Blue","Alaspungo","16-AGO-18 8:46:13","16-AGO-18 8:46:13","SymbolAndName",NA,NA
"73",-78.6284489,-0.003922,NA,"16-AGO-18 8:46:15","110","Flag, Blue","Alaspungo","16-AGO-18 8:46:15","16-AGO-18 8:46:15","SymbolAndName",NA,NA
"74",-78.6284489,-0.003922,NA,"16-AGO-18 8:46:23","111","Flag, Blue","Alaspungo","16-AGO-18 8:46:23","16-AGO-18 8:46:23","SymbolAndName",NA,NA
"75",-78.6284489,-0.003922,NA,"16-AGO-18 8:46:25","112","Flag, Blue","Alaspungo","16-AGO-18 8:46:25","16-AGO-18 8:46:25","SymbolAndName",NA,NA
"76",-78.6284489,-0.003922,NA,"16-AGO-18 8:46:30","113","Flag, Blue","Alaspungo","16-AGO-18 8:46:30","16-AGO-18 8:46:30","SymbolAndName",NA,NA
"77",-78.6284489,-0.003922,NA,"16-AGO-18 8:46:32","114","Flag, Blue","Alaspungo","16-AGO-18 8:46:32","16-AGO-18 8:46:32","SymbolAndName",NA,NA
"78",-78.6284489,-0.003922,NA,"16-AGO-18 8:46:37","115","Flag, Blue","Alaspungo","16-AGO-18 8:46:37","16-AGO-18 8:46:37","SymbolAndName",NA,NA
"79",-78.6284489,-0.003922,NA,"16-AGO-18 8:46:38","116","Flag, Blue","Alaspungo","16-AGO-18 8:46:38","16-AGO-18 8:46:38","SymbolAndName",NA,NA
"80",-78.6284489,-0.003922,NA,"16-AGO-18 8:46:42","117","Flag, Blue","Alaspungo","16-AGO-18 8:46:42","16-AGO-18 8:46:42","SymbolAndName",NA,NA
"81",-78.6284489,-0.003922,NA,"16-AGO-18 8:46:44","118","Flag, Blue","Alaspungo","16-AGO-18 8:46:44","16-AGO-18 8:46:44","SymbolAndName",NA,NA
"82",-78.6284489,-0.003922,NA,"16-AGO-18 8:46:48","119","Flag, Blue","Alaspungo","16-AGO-18 8:46:48","16-AGO-18 8:46:48","SymbolAndName",NA,NA
"83",-78.6284489,-0.003922,NA,"16-AGO-18 8:46:51","120","Flag, Blue","Alaspungo","16-AGO-18 8:46:51","16-AGO-18 8:46:51","SymbolAndName",NA,NA
"84",-78.6284489,-0.003922,NA,"16-AGO-18 8:46:53","121","Flag, Blue","Alaspungo","16-AGO-18 8:46:53","16-AGO-18 8:46:53","SymbolAndName",NA,NA
"85",-78.6284489,-0.003922,NA,"16-AGO-18 8:46:56","122","Flag, Blue","Alaspungo","16-AGO-18 8:46:56","16-AGO-18 8:46:56","SymbolAndName",NA,NA
"86",-78.6284489,-0.003922,NA,"16-AGO-18 8:47:00","123","Flag, Blue","Alaspungo","16-AGO-18 8:47:00","16-AGO-18 8:47:00","SymbolAndName",NA,NA
"87",-78.6284489,-0.003922,NA,"16-AGO-18 8:47:02","124","Flag, Blue","Alaspungo","16-AGO-18 8:47:02","16-AGO-18 8:47:02","SymbolAndName",NA,NA
"88",-78.6284489,-0.003922,NA,"16-AGO-18 8:47:06","125","Flag, Blue","Alaspungo","16-AGO-18 8:47:06","16-AGO-18 8:47:06","SymbolAndName",NA,NA
"89",-78.6284489,-0.003922,NA,"16-AGO-18 8:47:09","126","Flag, Blue","Alaspungo","16-AGO-18 8:47:09","16-AGO-18 8:47:09","SymbolAndName",NA,NA
"90",-78.6284489,-0.003922,NA,"16-AGO-18 8:47:12","127","Flag, Blue","Alaspungo","16-AGO-18 8:47:12","16-AGO-18 8:47:12","SymbolAndName",NA,NA
"91",-78.6284489,-0.003922,NA,"16-AGO-18 8:47:16","128","Flag, Blue","Alaspungo","16-AGO-18 8:47:16","16-AGO-18 8:47:16","SymbolAndName",NA,NA
"92",-78.6284489,-0.003922,NA,"16-AGO-18 8:47:18","129","Flag, Blue","Alaspungo","16-AGO-18 8:47:18","16-AGO-18 8:47:18","SymbolAndName",NA,NA
"93",-78.6284489,-0.003922,NA,"16-AGO-18 8:47:22","130","Flag, Blue","Alaspungo","16-AGO-18 8:47:22","16-AGO-18 8:47:22","SymbolAndName",NA,NA
"94",-78.6284489,-0.003922,NA,"16-AGO-18 8:47:25","131","Flag, Blue","Alaspungo","16-AGO-18 8:47:25","16-AGO-18 8:47:25","SymbolAndName",NA,NA
"95",-78.6284489,-0.003922,NA,"16-AGO-18 8:47:26","132","Flag, Blue","Alaspungo","16-AGO-18 8:47:26","16-AGO-18 8:47:26","SymbolAndName",NA,NA
"96",-78.6284489,-0.003922,NA,"16-AGO-18 8:47:27","133","Flag, Blue","Alaspungo","16-AGO-18 8:47:27","16-AGO-18 8:47:27","SymbolAndName",NA,NA
"97",-78.6284489,-0.003922,NA,"16-AGO-18 8:47:32","134","Flag, Blue","Alaspungo","16-AGO-18 8:47:32","16-AGO-18 8:47:32","SymbolAndName",NA,NA
"98",-78.6284489,-0.003922,NA,"16-AGO-18 8:47:33","135","Flag, Blue","Alaspungo","16-AGO-18 8:47:33","16-AGO-18 8:47:33","SymbolAndName",NA,NA
"99",-78.6284489,-0.003922,NA,"16-AGO-18 8:47:38","136","Flag, Blue","Alaspungo","16-AGO-18 8:47:38","16-AGO-18 8:47:38","SymbolAndName",NA,NA
"100",-78.6284489,-0.003922,NA,"16-AGO-18 8:47:43","137","Flag, Blue","Alaspungo","16-AGO-18 8:47:43","16-AGO-18 8:47:43","SymbolAndName",NA,NA
"101",-78.6284489,-0.003922,NA,"16-AGO-18 8:47:46","138","Flag, Blue","Alaspungo","16-AGO-18 8:47:46","16-AGO-18 8:47:46","SymbolAndName",NA,NA
"102",-78.6284489,-0.003922,NA,"16-AGO-18 8:47:50","139","Flag, Blue","Alaspungo","16-AGO-18 8:47:50","16-AGO-18 8:47:50","SymbolAndName",NA,NA
"103",-78.6284489,-0.003922,NA,"16-AGO-18 8:47:51","140","Flag, Blue","Alaspungo","16-AGO-18 8:47:51","16-AGO-18 8:47:51","SymbolAndName",NA,NA
"104",-78.6284489,-0.003922,NA,"16-AGO-18 8:47:52","141","Flag, Blue","Alaspungo","16-AGO-18 8:47:52","16-AGO-18 8:47:52","SymbolAndName",NA,NA
"105",-78.6284489,-0.003922,NA,"16-AGO-18 8:47:56","142","Flag, Blue","Alaspungo","16-AGO-18 8:47:56","16-AGO-18 8:47:56","SymbolAndName",NA,NA
"106",-78.6284489,-0.003922,NA,"16-AGO-18 8:48:04","143","Flag, Blue","Alaspungo","16-AGO-18 8:48:04","16-AGO-18 8:48:04","SymbolAndName",NA,NA
"107",-78.6284489,-0.003922,NA,"16-AGO-18 8:48:07","144","Flag, Blue","Alaspungo","16-AGO-18 8:48:07","16-AGO-18 8:48:07","SymbolAndName",NA,NA
"108",-78.6284489,-0.003922,NA,"16-AGO-18 8:48:09","145","Flag, Blue","Alaspungo","16-AGO-18 8:48:09","16-AGO-18 8:48:09","SymbolAndName",NA,NA
"109",-78.6284489,-0.003922,NA,"16-AGO-18 8:48:13","146","Flag, Blue","Alaspungo","16-AGO-18 8:48:13","16-AGO-18 8:48:13","SymbolAndName",NA,NA
"110",-78.6284489,-0.003922,NA,"16-AGO-18 8:48:17","147","Flag, Blue","Alaspungo","16-AGO-18 8:48:17","16-AGO-18 8:48:17","SymbolAndName",NA,NA
"111",-78.6284489,-0.003922,NA,"16-AGO-18 8:48:18","148","Flag, Blue","Alaspungo","16-AGO-18 8:48:18","16-AGO-18 8:48:18","SymbolAndName",NA,NA
"112",-78.6284489,-0.003922,NA,"16-AGO-18 8:48:19","149","Flag, Blue","Alaspungo","16-AGO-18 8:48:19","16-AGO-18 8:48:19","SymbolAndName",NA,NA
"113",-78.6284489,-0.003922,NA,"16-AGO-18 8:48:22","150","Flag, Blue","Alaspungo","16-AGO-18 8:48:22","16-AGO-18 8:48:22","SymbolAndName",NA,NA
"114",-78.6284489,-0.003922,NA,"16-AGO-18 8:48:23","151","Flag, Blue","Alaspungo","16-AGO-18 8:48:23","16-AGO-18 8:48:23","SymbolAndName",NA,NA
"115",-78.6284489,-0.003922,NA,"16-AGO-18 8:48:26","152","Flag, Blue","Alaspungo","16-AGO-18 8:48:26","16-AGO-18 8:48:26","SymbolAndName",NA,NA
"116",-78.6284489,-0.003922,NA,"16-AGO-18 8:48:38","153","Flag, Blue","Alaspungo","16-AGO-18 8:48:38","16-AGO-18 8:48:38","SymbolAndName",NA,NA
"117",-78.6284489,-0.003922,NA,"16-AGO-18 8:48:43","154","Flag, Blue","Alaspungo","16-AGO-18 8:48:43","16-AGO-18 8:48:43","SymbolAndName",NA,NA
"118",-78.6284489,-0.003922,NA,"16-AGO-18 8:48:52","155","Flag, Blue","Alaspungo","16-AGO-18 8:48:52","16-AGO-18 8:48:52","SymbolAndName",NA,NA
"119",-78.6284489,-0.003922,NA,"16-AGO-18 8:48:55","156","Flag, Blue","Alaspungo","16-AGO-18 8:48:55","16-AGO-18 8:48:55","SymbolAndName",NA,NA
"120",-78.6284489,-0.003922,NA,"16-AGO-18 8:49:10","157","Flag, Blue","Alaspungo","16-AGO-18 8:49:10","16-AGO-18 8:49:10","SymbolAndName",NA,NA
"121",-78.6284489,-0.003922,NA,"16-AGO-18 8:49:24","158","Flag, Blue","Alaspungo","16-AGO-18 8:49:24","16-AGO-18 8:49:24","SymbolAndName",NA,NA
"122",-78.6284489,-0.003922,NA,"16-AGO-18 8:49:25","159","Flag, Blue","Alaspungo","16-AGO-18 8:49:25","16-AGO-18 8:49:25","SymbolAndName",NA,NA
"123",-78.6284489,-0.003922,NA,"16-AGO-18 8:49:39","160","Flag, Blue","Alaspungo","16-AGO-18 8:49:39","16-AGO-18 8:49:39","SymbolAndName",NA,NA
"124",-78.6284489,-0.003922,NA,"16-AGO-18 8:49:46","161","Flag, Blue","Alaspungo","16-AGO-18 8:49:46","16-AGO-18 8:49:46","SymbolAndName",NA,NA
"125",-78.6284489,-0.003922,NA,"16-AGO-18 8:50:34","162","Flag, Blue","Alaspungo","16-AGO-18 8:50:34","16-AGO-18 8:50:34","SymbolAndName",NA,NA
"126",-78.6284489,-0.003922,NA,"16-AGO-18 8:51:15","163","Flag, Blue","Alaspungo","16-AGO-18 8:51:15","16-AGO-18 8:51:15","SymbolAndName",NA,NA
"127",-78.6284489,-0.003922,NA,"16-AGO-18 8:51:17","164","Flag, Blue","Alaspungo","16-AGO-18 8:51:17","16-AGO-18 8:51:17","SymbolAndName",NA,NA
"128",-78.6284489,-0.003922,NA,"16-AGO-18 8:51:19","165","Flag, Blue","Alaspungo","16-AGO-18 8:51:19","16-AGO-18 8:51:19","SymbolAndName",NA,NA
"129",-78.6284489,-0.003922,NA,"16-AGO-18 8:51:22","166","Flag, Blue","Alaspungo","16-AGO-18 8:51:22","16-AGO-18 8:51:22","SymbolAndName",NA,NA
"130",-78.6284489,-0.003922,NA,"16-AGO-18 8:51:23","167","Flag, Blue","Alaspungo","16-AGO-18 8:51:23","16-AGO-18 8:51:23","SymbolAndName",NA,NA
"131",-78.6284489,-0.003922,NA,"16-AGO-18 8:51:33","168","Flag, Blue","Alaspungo","16-AGO-18 8:51:33","16-AGO-18 8:51:33","SymbolAndName",NA,NA
"132",-78.6284489,-0.003922,NA,"16-AGO-18 8:51:39","169","Flag, Blue","Alaspungo","16-AGO-18 8:51:39","16-AGO-18 8:51:39","SymbolAndName",NA,NA
"133",-78.6284489,-0.003922,NA,"16-AGO-18 8:52:25","170","Flag, Blue","Alaspungo","16-AGO-18 8:52:25","16-AGO-18 8:52:25","SymbolAndName",NA,NA
"134",-78.6284489,-0.003922,NA,"16-AGO-18 8:52:47","171","Flag, Blue","Alaspungo","16-AGO-18 8:52:47","16-AGO-18 8:52:47","SymbolAndName",NA,NA
"135",-78.6284489,-0.003922,NA,"16-AGO-18 8:52:49","172","Flag, Blue","Alaspungo","16-AGO-18 8:52:49","16-AGO-18 8:52:49","SymbolAndName",NA,NA
"136",-78.6284489,-0.003922,NA,"16-AGO-18 8:53:01","173","Flag, Blue","Alaspungo","16-AGO-18 8:53:01","16-AGO-18 8:53:01","SymbolAndName",NA,NA
"137",-78.6284489,-0.003922,NA,"16-AGO-18 8:54:40","174","Flag, Blue","Alaspungo","16-AGO-18 8:54:40","16-AGO-18 8:54:40","SymbolAndName",NA,NA
"138",-78.6284489,-0.003922,NA,"16-AGO-18 8:54:43","175","Flag, Blue","Alaspungo","16-AGO-18 8:54:43","16-AGO-18 8:54:43","SymbolAndName",NA,NA
"139",-78.6284489,-0.003922,NA,"16-AGO-18 8:54:48","176","Flag, Blue","Alaspungo","16-AGO-18 8:54:48","16-AGO-18 8:54:48","SymbolAndName",NA,NA
"140",-78.6284489,-0.003922,NA,"16-AGO-18 8:55:02","177","Flag, Blue","Alaspungo","16-AGO-18 8:55:02","16-AGO-18 8:55:02","SymbolAndName",NA,NA
"141",-78.6284489,-0.003922,NA,"16-AGO-18 8:55:03","178","Flag, Blue","Alaspungo","16-AGO-18 8:55:03","16-AGO-18 8:55:03","SymbolAndName",NA,NA
"142",-78.6284489,-0.003922,NA,"16-AGO-18 8:55:16","179","Flag, Blue","Alaspungo","16-AGO-18 8:55:16","16-AGO-18 8:55:16","SymbolAndName",NA,NA
"143",-78.6284489,-0.003922,NA,"16-AGO-18 8:55:38","180","Flag, Blue","Alaspungo","16-AGO-18 8:55:38","16-AGO-18 8:55:38","SymbolAndName",NA,NA
"144",-78.6284489,-0.003922,NA,"16-AGO-18 9:16:31","a","Flag, Blue","Alaspungo","16-AGO-18 9:16:31","16-AGO-18 9:16:31","SymbolAndName",NA,NA
"145",-78.6284489,-0.003922,NA,"16-AGO-18 9:26:49","ALAS4716","Flag, Blue","Alaspungo","16-AGO-18 9:26:49","16-AGO-18 9:26:49","SymbolAndName",NA,NA
"146",-78.6284489,-0.003922,NA,"16-AGO-18 8:41:41","ALAS5316","Flag, Blue","Alaspungo","16-AGO-18 8:41:41","16-AGO-18 8:41:41","SymbolAndName",NA,NA
"147",-78.6284489,-0.003922,NA,"16-AGO-18 9:01:25","ALAS6116","Flag, Blue","Alaspungo","16-AGO-18 9:01:25","16-AGO-18 9:01:25","SymbolAndName",NA,NA
"148",-78.6284489,-0.003922,NA,"16-AGO-18 9:43:39","ALAS6216","Flag, Blue","Alaspungo","16-AGO-18 9:43:39","16-AGO-18 9:43:39","SymbolAndName",NA,NA
"149",-78.6284489,-0.003922,NA,"16-AGO-18 9:43:52","ALAS6916","Flag, Blue","Alaspungo","16-AGO-18 9:43:52","16-AGO-18 9:43:52","SymbolAndName",NA,NA
"150",-78.6284489,-0.003922,NA,"16-AGO-18 9:40:09","ALAS9616","Flag, Blue","Alaspungo","16-AGO-18 9:40:09","16-AGO-18 9:40:09","SymbolAndName",NA,NA
"151",-78.4055206,-1.304613,NA,"30-MAY-09 9:03:24","Banos","Flag, Blue","Alaspungo","30-MAY-09 9:03:24","30-MAY-09 9:03:24","SymbolAndName",NA,NA
"152",-78.4856203,-0.1145317,NA,"31-MAY-09 23:41:48","Casa","Flag, Blue","Alaspungo","31-MAY-09 23:41:48","31-MAY-09 23:41:48","SymbolAndName",NA,NA
"153",-78.4055206,-1.304613,NA,"30-MAY-09 8:23:00","Viatrimot","Flag, Blue","Alaspungo","30-MAY-09 8:23:00","30-MAY-09 8:23:00","SymbolAndName",NA,NA
"154",-78.730618,-0.010517,NA,"2018-02-23T12:39:18Z","GRAL2417","Flag, Blue","LasGralarias",NA,NA,NA,NA,NA
"155",-78.733353,-0.010947,NA,"2018-02-23T12:52:59Z","GRAL3917","Flag, Blue","LasGralarias",NA,NA,NA,NA,NA
"156",-78.733421,-0.010939,NA,"2018-02-23T13:02:17Z","GRAL2817","Flag, Blue","LasGralarias",NA,NA,NA,NA,NA
"157",-78.733482,-0.010955,NA,"2018-02-23T13:09:16Z","GRAL317","Flag, Blue","LasGralarias",NA,NA,NA,NA,NA
"158",-78.733841,-0.010797,NA,"2018-02-23T13:19:56Z","RRAL2117","Flag, Blue","LasGralarias",NA,NA,NA,NA,NA
"159",-78.732404,-0.011492,NA,"2018-02-23T13:31:29Z","GRAL2717","Flag, Blue","LasGralarias",NA,NA,NA,NA,NA
"160",121.242576,24.981281,NA,"2017-03-24T02:53:58Z","001","Flag, Blue","LasGralarias",NA,NA,NA,NA,NA
"161",-78.732403,-0.011505,NA,"2018-03-23T13:08:03Z","063","Flag, Blue","LasGralarias",NA,NA,NA,NA,NA
"162",-78.732403,-0.011505,NA,"2018-03-23T13:08:07Z","GRAL3019","Flag, Blue","LasGralarias",NA,NA,NA,NA,NA
"163",-78.732921,-0.010887,NA,"2018-03-23T13:15:21Z","GRAL2719","Flag, Blue","LasGralarias",NA,NA,NA,NA,NA
"164",-78.733871,-0.010773,NA,"2018-03-23T14:05:02Z","GRAL3919","Flag, Blue","LasGralarias",NA,NA,NA,NA,NA
"165",-78.733547,-0.010886,NA,"2018-03-23T14:13:59Z","GRAL2419","Flag, Blue","LasGralarias",NA,NA,NA,NA,NA
"166",-78.733487,-0.010916,NA,"2018-03-23T14:18:30Z","GRAL2119","Flag, Blue","LasGralarias",NA,NA,NA,NA,NA
"167",-78.733364,-0.011018,NA,"2018-03-23T14:25:05Z","GRAL2819","Flag, Blue","LasGralarias",NA,NA,NA,NA,NA
"168",-78.872256,0.169509,NA,"2018-04-25T18:04:53Z","405","Flag, Blue","LasGralarias",NA,NA,NA,NA,NA
"169",-78.87957,0.166175,NA,"2018-04-25T18:05:09Z","406","Flag, Blue","LasGralarias",NA,NA,NA,NA,NA
"170",-78.733328,-0.01103,NA,"2018-04-27T14:32:01Z","GRAL2421","Flag, Blue","LasGralarias",NA,NA,NA,NA,NA
"171",-78.733477,-0.010927,NA,"2018-04-27T15:31:07Z","GRAL2721","Flag, Blue","LasGralarias",NA,NA,NA,NA,NA
"172",-78.733344,-0.010935,NA,"2018-04-27T15:44:26Z","GRAL2821","Flag, Blue","LasGralarias",NA,NA,NA,NA,NA
"173",-78.733353,-0.010956,NA,"2018-04-27T15:45:10Z","064","Flag, Blue","LasGralarias",NA,NA,NA,NA,NA
"174",-78.733351,-0.010955,NA,"2018-04-27T15:45:16Z","GRAL3921","Flag, Blue","LasGralarias",NA,NA,NA,NA,NA
"175",-78.732923,-0.010913,NA,"2018-04-27T15:50:42Z","GRAL2121","Flag, Blue","LasGralarias",NA,NA,NA,NA,NA
"176",-78.731093,-0.011901,NA,"2018-04-27T16:09:30Z","GRAL3021","Flag, Blue","LasGralarias",NA,NA,NA,NA,NA
"177",-78.734636,-0.009356,NA,"2018-07-27T13:29:33Z","GRAL2427","Flag, Blue","LasGralarias",NA,NA,NA,NA,NA
"178",-78.734646,-0.008955,NA,"2018-07-27T13:47:58Z","GRAL2727","Flag, Blue","LasGralarias",NA,NA,NA,NA,NA
"179",-78.734593,-0.008847,NA,"2018-07-27T13:57:08Z","GRAL2127","Flag, Blue","LasGralarias",NA,NA,NA,NA,NA
"180",-78.735083,-0.007819,NA,"2018-07-27T14:12:01Z","GRAL3927","Flag, Blue","LasGralarias",NA,NA,NA,NA,NA
"181",-78.736248,-0.007267,NA,"2018-07-27T14:25:45Z","GRAL3027","Flag, Blue","LasGralarias",NA,NA,NA,NA,NA
"182",-78.73659,-0.007089,NA,"2018-07-27T14:42:48Z","GRAL2827","Flag, Blue","LasGralarias",NA,NA,NA,NA,NA
"183",-78.731993,-0.011651,NA,"2017-08-18T20:21:45Z","GRAL2408","Flag, Blue","LasGralarias",NA,NA,NA,NA,NA
"184",-78.73256,-0.011289,NA,"2017-08-18T20:27:28Z","GRAL2108","Flag, Blue","LasGralarias",NA,NA,NA,NA,NA
"185",-78.732734,-0.011193,NA,"2017-08-18T20:46:38Z","014","Flag, Blue","LasGralarias",NA,NA,NA,NA,NA
"186",-78.73276,-0.011038,NA,"2017-08-18T20:47:34Z","015","Flag, Blue","LasGralarias",NA,NA,NA,NA,NA
"187",-78.732792,-0.010957,NA,"2017-08-18T20:47:49Z","016","Flag, Blue","LasGralarias",NA,NA,NA,NA,NA
"188",-78.732797,-0.010955,NA,"2017-08-18T20:47:49Z","017","Flag, Blue","LasGralarias",NA,NA,NA,NA,NA
"189",-78.732805,-0.010953,NA,"2017-08-18T20:47:51Z","018","Flag, Blue","LasGralarias",NA,NA,NA,NA,NA
"190",-78.733003,-0.010966,NA,"2017-08-18T20:48:54Z","019","Flag, Blue","LasGralarias",NA,NA,NA,NA,NA
"191",-78.734658,-0.009869,NA,"2017-08-18T21:10:15Z","GRAL2708","Flag, Blue","LasGralarias",NA,NA,NA,NA,NA
"192",-78.734639,-0.009325,NA,"2017-08-18T21:33:24Z","GRAL3908","Flag, Blue","LasGralarias",NA,NA,NA,NA,NA
"193",-78.734855,-0.007991,NA,"2017-08-18T21:47:10Z","GRAL3008","Flag, Blue","LasGralarias",NA,NA,NA,NA,NA
"194",-78.734604,-0.009901,NA,"2017-08-18T22:03:16Z","020","Flag, Blue","LasGralarias",NA,NA,NA,NA,NA
"195",-78.73457,-0.010093,NA,"2017-08-18T22:03:51Z","021","Flag, Blue","LasGralarias",NA,NA,NA,NA,NA
"196",-78.734567,-0.01012,NA,"2017-08-18T22:04:06Z","022","Flag, Blue","LasGralarias",NA,NA,NA,NA,NA
"197",-78.734567,-0.010122,NA,"2017-08-18T22:04:06Z","023","Flag, Blue","LasGralarias",NA,NA,NA,NA,NA
"198",-78.734566,-0.010124,NA,"2017-08-18T22:04:08Z","024","Flag, Blue","LasGralarias",NA,NA,NA,NA,NA
"199",-78.734562,-0.010149,NA,"2017-08-18T22:04:22Z","025","Flag, Blue","LasGralarias",NA,NA,NA,NA,NA
"200",-78.734434,-0.010231,NA,"2017-08-18T22:05:02Z","026","Flag, Blue","LasGralarias",NA,NA,NA,NA,NA
"201",-78.734397,-0.01031,NA,"2017-08-18T22:05:18Z","027","Flag, Blue","LasGralarias",NA,NA,NA,NA,NA
"202",-78.734345,-0.010307,NA,"2017-08-18T22:06:26Z","028","Flag, Blue","LasGralarias",NA,NA,NA,NA,NA
"203",-78.734282,-0.010382,NA,"2017-08-18T22:06:41Z","029","Flag, Blue","LasGralarias",NA,NA,NA,NA,NA
"204",-78.733655,-0.010883,NA,"2017-08-18T22:10:35Z","030","Flag, Blue","LasGralarias",NA,NA,NA,NA,NA
"205",-78.733606,-0.010898,NA,"2017-08-18T22:10:49Z","GRAL2808","Flag, Blue","LasGralarias",NA,NA,NA,NA,NA
"206",-78.736587,-0.00709,NA,"2018-08-20T16:14:55Z","GRAL2129","Flag, Blue","LasGralarias",NA,NA,NA,NA,NA
"207",-78.734638,-0.009051,NA,"2018-08-20T16:35:30Z","GRAL2829","Flag, Blue","LasGralarias",NA,NA,NA,NA,NA
"208",-78.734654,-0.008029,NA,"2018-08-20T17:02:05Z","GRAL2429","Flag, Blue","LasGralarias",NA,NA,NA,NA,NA
"209",-78.734587,-0.008446,NA,"2018-08-20T17:07:41Z","GRAL2729","Flag, Blue","LasGralarias",NA,NA,NA,NA,NA
"210",-78.734468,-0.010278,NA,"2018-08-20T17:21:52Z","GRAL3029","Flag, Blue","LasGralarias",NA,NA,NA,NA,NA
"211",-78.73221,-0.011561,NA,"2018-08-20T17:44:57Z","GRAL3929","Flag, Blue","LasGralarias",NA,NA,NA,NA,NA
"212",-72.800951,41.261353,NA,NA,"789","Flag, Blue","MashpiCapuchin",NA,NA,NA,NA,NA
"213",-78.630463,0.124103,NA,"CAES","787","Flag, Blue","MashpiCapuchin","CAES",NA,NA,NA,NA
"214",-78.878275,0.159903,NA,"2017-07-24T15:12:02Z","MSPC1307","Flag, Blue","MashpiCapuchin",NA,NA,NA,NA,NA
"215",-78.877156,0.160524,NA,"2017-07-24T15:13:12Z","962","Flag, Blue","MashpiCapuchin",NA,NA,NA,NA,NA
"216",-78.877171,0.160544,NA,"2017-07-24T15:17:46Z","MSPC1507","Flag, Blue","MashpiCapuchin",NA,NA,NA,NA,NA
"217",-78.876476,0.161043,NA,"2017-07-24T15:29:13Z","963","Flag, Blue","MashpiCapuchin",NA,NA,NA,NA,NA
"218",-78.876369,0.161005,NA,"2017-07-24T15:32:49Z","MSPC4007","Flag, Blue","MashpiCapuchin",NA,NA,NA,NA,NA
"219",-78.87457,0.162318,NA,"2017-07-24T15:47:01Z","MSPC1607","Flag, Blue","MashpiCapuchin",NA,NA,NA,NA,NA
"220",-78.874573,0.16232,NA,"2017-07-24T15:47:39Z","MSPC1707","Flag, Blue","MashpiCapuchin",NA,NA,NA,NA,NA
"221",-78.874302,0.163274,NA,"2017-07-24T15:59:00Z","MSPC2007","Flag, Blue","MashpiCapuchin",NA,NA,NA,NA,NA
"222",-72.800951,41.261353,NA,NA,"789","Flag, Blue","MashpiCapuchin",NA,NA,NA,NA,NA
"223",-78.630463,0.124103,NA,"CAES","787","Flag, Blue","MashpiCapuchin","CAES",NA,NA,NA,NA
"224",-78.878275,0.159903,NA,"2017-07-24T15:12:02Z","MSPC1307","Flag, Blue","MashpiCapuchin",NA,NA,NA,NA,NA
"225",-78.877156,0.160524,NA,"2017-07-24T15:13:12Z","962","Flag, Blue","MashpiCapuchin",NA,NA,NA,NA,NA
"226",-78.877171,0.160544,NA,"2017-07-24T15:17:46Z","MSPC1507","Flag, Blue","MashpiCapuchin",NA,NA,NA,NA,NA
"227",-78.876476,0.161043,NA,"2017-07-24T15:29:13Z","963","Flag, Blue","MashpiCapuchin",NA,NA,NA,NA,NA
"228",-78.876369,0.161005,NA,"2017-07-24T15:32:49Z","MSPC4007","Flag, Blue","MashpiCapuchin",NA,NA,NA,NA,NA
"229",-78.87457,0.162318,NA,"2017-07-24T15:47:01Z","MSPC1607","Flag, Blue","MashpiCapuchin",NA,NA,NA,NA,NA
"230",-78.874573,0.16232,NA,"2017-07-24T15:47:39Z","MSPC1707","Flag, Blue","MashpiCapuchin",NA,NA,NA,NA,NA
"231",-78.874302,0.163274,NA,"2017-07-24T15:59:00Z","MSPC2007","Flag, Blue","MashpiCapuchin",NA,NA,NA,NA,NA
"232",-78.874258,0.162728,NA,"2017-09-26T13:45:26Z","MSPC1711","Flag, Blue","MashpiCapuchin",NA,NA,NA,NA,NA
"233",-78.876841,0.160891,NA,"2017-09-26T14:02:26Z","966","Flag, Blue","MashpiCapuchin",NA,NA,NA,NA,NA
"234",-78.876833,0.16091,NA,"2017-09-26T14:04:56Z","MSPC4011","Flag, Blue","MashpiCapuchin",NA,NA,NA,NA,NA
"235",-78.876861,0.160886,NA,"2017-09-26T14:10:13Z","MSPC1511","Flag, Blue","MashpiCapuchin",NA,NA,NA,NA,NA
"236",-78.877439,0.160174,NA,"2017-09-26T14:19:18Z","MSPC1311","Flag, Blue","MashpiCapuchin",NA,NA,NA,NA,NA
"237",-78.878057,0.159849,NA,"2017-09-26T14:26:56Z","MSPC1611","Flag, Blue","MashpiCapuchin",NA,NA,NA,NA,NA
"238",-78.878054,0.159836,NA,"2017-09-26T14:52:19Z","MSPC2011","Flag, Blue","MashpiCapuchin",NA,NA,NA,NA,NA
"239",-72.800951,41.261353,NA,NA,"789","Flag, Blue","MashpiCapuchin",NA,NA,NA,NA,NA
"240",-78.630463,0.124103,NA,"CAES","787","Flag, Blue","MashpiCapuchin","CAES",NA,NA,NA,NA
"241",-78.878275,0.159903,NA,"2017-07-24T15:12:02Z","MSPC1307","Flag, Blue","MashpiCapuchin",NA,NA,NA,NA,NA
"242",-78.877156,0.160524,NA,"2017-07-24T15:13:12Z","962","Flag, Blue","MashpiCapuchin",NA,NA,NA,NA,NA
"243",-78.877171,0.160544,NA,"2017-07-24T15:17:46Z","MSPC1507","Flag, Blue","MashpiCapuchin",NA,NA,NA,NA,NA
"244",-78.876476,0.161043,NA,"2017-07-24T15:29:13Z","963","Flag, Blue","MashpiCapuchin",NA,NA,NA,NA,NA
"245",-78.876369,0.161005,NA,"2017-07-24T15:32:49Z","MSPC4007","Flag, Blue","MashpiCapuchin",NA,NA,NA,NA,NA
"246",-78.87457,0.162318,NA,"2017-07-24T15:47:01Z","MSPC1607","Flag, Blue","MashpiCapuchin",NA,NA,NA,NA,NA
"247",-78.874573,0.16232,NA,"2017-07-24T15:47:39Z","MSPC1707","Flag, Blue","MashpiCapuchin",NA,NA,NA,NA,NA
"248",-78.874302,0.163274,NA,"2017-07-24T15:59:00Z","MSPC2007","Flag, Blue","MashpiCapuchin",NA,NA,NA,NA,NA
"249",-78.874258,0.162728,NA,"2017-09-26T13:45:26Z","MSPC1711","Flag, Blue","MashpiCapuchin",NA,NA,NA,NA,NA
"250",-78.876841,0.160891,NA,"2017-09-26T14:02:26Z","966","Flag, Blue","MashpiCapuchin",NA,NA,NA,NA,NA
"251",-78.876833,0.16091,NA,"2017-09-26T14:04:56Z","MSPC4011","Flag, Blue","MashpiCapuchin",NA,NA,NA,NA,NA
"252",-78.876861,0.160886,NA,"2017-09-26T14:10:13Z","MSPC1511","Flag, Blue","MashpiCapuchin",NA,NA,NA,NA,NA
"253",-78.877439,0.160174,NA,"2017-09-26T14:19:18Z","MSPC1311","Flag, Blue","MashpiCapuchin",NA,NA,NA,NA,NA
"254",-78.878057,0.159849,NA,"2017-09-26T14:26:56Z","MSPC1611","Flag, Blue","MashpiCapuchin",NA,NA,NA,NA,NA
"255",-78.878054,0.159836,NA,"2017-09-26T14:52:19Z","MSPC2011","Flag, Blue","MashpiCapuchin",NA,NA,NA,NA,NA
"256",-72.800951,41.261353,NA,NA,"789","Flag, Blue","MashpiCapuchin",NA,NA,NA,NA,NA
"257",-78.630463,0.124103,NA,"CAES","787","Flag, Blue","MashpiCapuchin","CAES",NA,NA,NA,NA
"258",-78.878275,0.159903,NA,"2017-07-24T15:12:02Z","MSPC1307","Flag, Blue","MashpiCapuchin",NA,NA,NA,NA,NA
"259",-78.877156,0.160524,NA,"2017-07-24T15:13:12Z","962","Flag, Blue","MashpiCapuchin",NA,NA,NA,NA,NA
"260",-78.877171,0.160544,NA,"2017-07-24T15:17:46Z","MSPC1507","Flag, Blue","MashpiCapuchin",NA,NA,NA,NA,NA
"261",-78.876476,0.161043,NA,"2017-07-24T15:29:13Z","963","Flag, Blue","MashpiCapuchin",NA,NA,NA,NA,NA
"262",-78.876369,0.161005,NA,"2017-07-24T15:32:49Z","MSPC4007","Flag, Blue","MashpiCapuchin",NA,NA,NA,NA,NA
"263",-78.87457,0.162318,NA,"2017-07-24T15:47:01Z","MSPC1607","Flag, Blue","MashpiCapuchin",NA,NA,NA,NA,NA
"264",-78.874573,0.16232,NA,"2017-07-24T15:47:39Z","MSPC1707","Flag, Blue","MashpiCapuchin",NA,NA,NA,NA,NA
"265",-78.874302,0.163274,NA,"2017-07-24T15:59:00Z","MSPC2007","Flag, Blue","MashpiCapuchin",NA,NA,NA,NA,NA
"266",-78.730618,-0.010517,NA,"2018-02-23T12:39:18Z","GRAL2417","Flag, Blue","MashpiLaguna",NA,NA,NA,NA,NA
"267",-78.733353,-0.010947,NA,"2018-02-23T12:52:59Z","GRAL3917","Flag, Blue","MashpiLaguna",NA,NA,NA,NA,NA
"268",-78.733421,-0.010939,NA,"2018-02-23T13:02:17Z","GRAL2817","Flag, Blue","MashpiLaguna",NA,NA,NA,NA,NA
"269",-78.733482,-0.010955,NA,"2018-02-23T13:09:16Z","GRAL317","Flag, Blue","MashpiLaguna",NA,NA,NA,NA,NA
"270",-78.733841,-0.010797,NA,"2018-02-23T13:19:56Z","RRAL2117","Flag, Blue","MashpiLaguna",NA,NA,NA,NA,NA
"271",-78.732404,-0.011492,NA,"2018-02-23T13:31:29Z","GRAL2717","Flag, Blue","MashpiLaguna",NA,NA,NA,NA,NA
"272",121.242576,24.981281,NA,"2017-03-24T02:53:58Z","001","Flag, Blue","MashpiLaguna",NA,NA,NA,NA,NA
"273",-78.872256,0.169509,NA,"2018-04-25T18:04:53Z","405","Flag, Blue","MashpiLaguna",NA,NA,NA,NA,NA
"274",-78.87957,0.166175,NA,"2018-04-25T18:05:09Z","406","Flag, Blue","MashpiLaguna",NA,NA,NA,NA,NA
"275",-78.879728,0.166193,NA,"2018-04-28T13:33:10Z","407","Flag, Blue","MashpiLaguna",NA,NA,NA,NA,NA
"276",-78.8721,0.166554,NA,"2018-04-28T13:36:39Z","408","Flag, Blue","MashpiLaguna",NA,NA,NA,NA,NA
"277",-78.872171,0.166654,NA,"2018-04-28T13:40:01Z","409","Flag, Blue","MashpiLaguna",NA,NA,NA,NA,NA
"278",-78.872236,0.166622,NA,"2018-04-28T13:41:22Z","410","Flag, Blue","MashpiLaguna",NA,NA,NA,NA,NA
"279",-78.87223,0.16662,NA,"2018-04-28T13:42:00Z","411","Flag, Blue","MashpiLaguna",NA,NA,NA,NA,NA
"280",-78.8722,0.166748,NA,"2018-04-28T13:43:33Z","412","Flag, Blue","MashpiLaguna",NA,NA,NA,NA,NA
"281",-78.872186,0.16714,NA,"2018-04-28T13:46:25Z","413","Flag, Blue","MashpiLaguna",NA,NA,NA,NA,NA
"282",-78.872242,0.167398,NA,"2018-04-28T13:50:09Z","414","Flag, Blue","MashpiLaguna",NA,NA,NA,NA,NA
"283",-78.872286,0.167616,NA,"2018-04-28T13:51:07Z","415","Flag, Blue","MashpiLaguna",NA,NA,NA,NA,NA
"284",-78.872336,0.167964,NA,"2018-04-28T13:52:57Z","416","Flag, Blue","MashpiLaguna",NA,NA,NA,NA,NA
"285",-78.872339,0.16809,NA,"2018-04-28T13:53:32Z","417","Flag, Blue","MashpiLaguna",NA,NA,NA,NA,NA
"286",-78.872336,0.16813,NA,"2018-04-28T13:53:49Z","418","Flag, Blue","MashpiLaguna",NA,NA,NA,NA,NA
"287",-78.872337,0.168133,NA,"2018-04-28T13:53:51Z","419","Flag, Blue","MashpiLaguna",NA,NA,NA,NA,NA
"288",-78.872337,0.168253,NA,"2018-04-28T13:55:13Z","420","Flag, Blue","MashpiLaguna",NA,NA,NA,NA,NA
"289",-78.872343,0.168548,NA,"2018-04-28T13:56:24Z","421","Flag, Blue","MashpiLaguna",NA,NA,NA,NA,NA
"290",-78.872308,0.168618,NA,"2018-04-28T13:58:01Z","422","Flag, Blue","MashpiLaguna",NA,NA,NA,NA,NA
"291",-78.872272,0.168748,NA,"2018-04-28T13:59:44Z","423","Flag, Blue","MashpiLaguna",NA,NA,NA,NA,NA
"292",-78.87228,0.168957,NA,"2018-04-28T14:05:25Z","MSPL2222","Flag, Blue","MashpiLaguna",NA,NA,NA,NA,NA
"293",-78.872241,0.169011,NA,"2018-04-28T14:09:57Z","MSPL2223","Flag, Blue","MashpiLaguna",NA,NA,NA,NA,NA
"294",-78.872166,0.168959,NA,"2018-04-28T14:18:29Z","424","Flag, Blue","MashpiLaguna",NA,NA,NA,NA,NA
"295",-78.872224,0.168994,NA,"2018-04-28T14:19:46Z","425","Flag, Blue","MashpiLaguna",NA,NA,NA,NA,NA
"296",-78.872239,0.169277,NA,"2018-04-28T14:21:52Z","426","Flag, Blue","MashpiLaguna",NA,NA,NA,NA,NA
"297",-78.87227,0.169327,NA,"2018-04-28T14:22:37Z","427","Flag, Blue","MashpiLaguna",NA,NA,NA,NA,NA
"298",-78.87221,0.169498,NA,"2018-04-28T14:24:11Z","428","Flag, Blue","MashpiLaguna",NA,NA,NA,NA,NA
"299",-78.872186,0.169589,NA,"2018-04-28T14:24:35Z","429","Flag, Blue","MashpiLaguna",NA,NA,NA,NA,NA
"300",-78.872179,0.169638,NA,"2018-04-28T14:24:57Z","430","Flag, Blue","MashpiLaguna",NA,NA,NA,NA,NA
"301",-78.872171,0.169682,NA,"2018-04-28T14:25:29Z","431","Flag, Blue","MashpiLaguna",NA,NA,NA,NA,NA
"302",-78.872114,0.169838,NA,"2018-04-28T14:26:12Z","432","Flag, Blue","MashpiLaguna",NA,NA,NA,NA,NA
"303",-78.871621,0.170067,NA,"2018-04-28T14:30:10Z","433","Flag, Blue","MashpiLaguna",NA,NA,NA,NA,NA
"304",-78.871512,0.170214,NA,"2018-04-28T14:32:04Z","MSPL1822","Flag, Blue","MashpiLaguna",NA,NA,NA,NA,NA
"305",-78.871509,0.1702,NA,"2018-04-28T14:41:54Z","MSPL1823","Flag, Blue","MashpiLaguna",NA,NA,NA,NA,NA
"306",-78.871293,0.170212,NA,"2018-04-28T14:47:48Z","434","Flag, Blue","MashpiLaguna",NA,NA,NA,NA,NA
"307",-78.871153,0.170192,NA,"2018-04-28T14:49:26Z","MSPL2622","Flag, Blue","MashpiLaguna",NA,NA,NA,NA,NA
"308",-78.871137,0.170143,NA,"2018-04-28T15:00:45Z","MSPL2623","Flag, Blue","MashpiLaguna",NA,NA,NA,NA,NA
"309",-78.871148,0.170154,NA,"2018-04-28T15:02:24Z","435","Flag, Blue","MashpiLaguna",NA,NA,NA,NA,NA
"310",-78.871107,0.170141,NA,"2018-04-28T15:02:44Z","436","Flag, Blue","MashpiLaguna",NA,NA,NA,NA,NA
"311",-78.870444,0.170449,NA,"2018-04-28T15:10:01Z","MSPL1422","Flag, Blue","MashpiLaguna",NA,NA,NA,NA,NA
"312",-78.870453,0.170438,NA,"2018-04-28T15:12:52Z","437","Flag, Blue","MashpiLaguna",NA,NA,NA,NA,NA
"313",-78.870451,0.170449,NA,"2018-04-28T15:13:06Z","438","Flag, Blue","MashpiLaguna",NA,NA,NA,NA,NA
"314",-78.87045,0.170449,NA,"2018-04-28T15:13:08Z","439","Flag, Blue","MashpiLaguna",NA,NA,NA,NA,NA
"315",-78.870355,0.170561,NA,"2018-04-28T15:14:50Z","440","Flag, Blue","MashpiLaguna",NA,NA,NA,NA,NA
"316",-78.870344,0.170567,NA,"2018-04-28T15:15:09Z","441","Flag, Blue","MashpiLaguna",NA,NA,NA,NA,NA
"317",-78.870342,0.170571,NA,"2018-04-28T15:15:30Z","442","Flag, Blue","MashpiLaguna",NA,NA,NA,NA,NA
"318",-78.870286,0.170713,NA,"2018-04-28T15:16:52Z","443","Flag, Blue","MashpiLaguna",NA,NA,NA,NA,NA
"319",-78.870104,0.170808,NA,"2018-04-28T15:18:56Z","444","Flag, Blue","MashpiLaguna",NA,NA,NA,NA,NA
"320",-78.87006,0.170826,NA,"2018-04-28T15:19:15Z","445","Flag, Blue","MashpiLaguna",NA,NA,NA,NA,NA
"321",-78.869954,0.170905,NA,"2018-04-28T15:20:25Z","446","Flag, Blue","MashpiLaguna",NA,NA,NA,NA,NA
"322",-78.869885,0.170993,NA,"2018-04-28T15:21:41Z","447","Flag, Blue","MashpiLaguna",NA,NA,NA,NA,NA
"323",-78.86984,0.171046,NA,"2018-04-28T15:22:06Z","448","Flag, Blue","MashpiLaguna",NA,NA,NA,NA,NA
"324",-78.869721,0.171122,NA,"2018-04-28T15:22:50Z","449","Flag, Blue","MashpiLaguna",NA,NA,NA,NA,NA
"325",-78.869684,0.171118,NA,"2018-04-28T15:23:53Z","450","Flag, Blue","MashpiLaguna",NA,NA,NA,NA,NA
"326",-78.869674,0.171157,NA,"2018-04-28T15:24:51Z","MSPL1922","Flag, Blue","MashpiLaguna",NA,NA,NA,NA,NA
"327",-78.869637,0.1712,NA,"2018-04-28T15:28:02Z","451","Flag, Blue","MashpiLaguna",NA,NA,NA,NA,NA
"328",-78.869535,0.171363,NA,"2018-04-28T15:29:28Z","452","Flag, Blue","MashpiLaguna",NA,NA,NA,NA,NA
"329",-78.869516,0.171382,NA,"2018-04-28T15:29:44Z","453","Flag, Blue","MashpiLaguna",NA,NA,NA,NA,NA
"330",-78.869473,0.171423,NA,"2018-04-28T15:29:57Z","454","Flag, Blue","MashpiLaguna",NA,NA,NA,NA,NA
"331",-78.869471,0.171441,NA,"2018-04-28T15:30:00Z","455","Flag, Blue","MashpiLaguna",NA,NA,NA,NA,NA
"332",-78.869473,0.171458,NA,"2018-04-28T15:30:17Z","456","Flag, Blue","MashpiLaguna",NA,NA,NA,NA,NA
"333",-78.869422,0.171495,NA,"2018-04-28T15:31:00Z","457","Flag, Blue","MashpiLaguna",NA,NA,NA,NA,NA
"334",-78.869377,0.17153,NA,"2018-04-28T15:31:28Z","458","Flag, Blue","MashpiLaguna",NA,NA,NA,NA,NA
"335",-78.869354,0.171546,NA,"2018-04-28T15:31:52Z","459","Flag, Blue","MashpiLaguna",NA,NA,NA,NA,NA
"336",-78.869253,0.171643,NA,"2018-04-28T15:37:45Z","460","Flag, Blue","MashpiLaguna",NA,NA,NA,NA,NA
"337",-78.869214,0.171655,NA,"2018-04-28T15:38:15Z","461","Flag, Blue","MashpiLaguna",NA,NA,NA,NA,NA
"338",-78.869145,0.171673,NA,"2018-04-28T15:39:04Z","462","Flag, Blue","MashpiLaguna",NA,NA,NA,NA,NA
"339",-78.86894,0.171842,NA,"2018-04-28T15:40:49Z","463","Flag, Blue","MashpiLaguna",NA,NA,NA,NA,NA
"340",-78.868904,0.171881,NA,"2018-04-28T15:41:07Z","464","Flag, Blue","MashpiLaguna",NA,NA,NA,NA,NA
"341",-78.868804,0.171966,NA,"2018-04-28T15:42:47Z","465","Flag, Blue","MashpiLaguna",NA,NA,NA,NA,NA
"342",-78.868737,0.172013,NA,"2018-04-28T15:43:31Z","466","Flag, Blue","MashpiLaguna",NA,NA,NA,NA,NA
"343",-78.868691,0.172037,NA,"2018-04-28T15:43:55Z","467","Flag, Blue","MashpiLaguna",NA,NA,NA,NA,NA
"344",-78.868628,0.172091,NA,"2018-04-28T15:45:07Z","468","Flag, Blue","MashpiLaguna",NA,NA,NA,NA,NA
"345",-78.868558,0.1722,NA,"2018-04-28T15:46:28Z","469","Flag, Blue","MashpiLaguna",NA,NA,NA,NA,NA
"346",-78.868325,0.172528,NA,"2018-04-28T15:48:41Z","470","Flag, Blue","MashpiLaguna",NA,NA,NA,NA,NA
"347",-78.868268,0.172584,NA,"2018-04-28T15:49:08Z","471","Flag, Blue","MashpiLaguna",NA,NA,NA,NA,NA
"348",-78.868166,0.172694,NA,"2018-04-28T15:50:08Z","472","Flag, Blue","MashpiLaguna",NA,NA,NA,NA,NA
"349",-78.867857,0.172882,NA,"2018-04-28T15:51:29Z","473","Flag, Blue","MashpiLaguna",NA,NA,NA,NA,NA
"350",-78.867741,0.173003,NA,"2018-04-28T15:52:40Z","474","Flag, Blue","MashpiLaguna",NA,NA,NA,NA,NA
"351",-78.867713,0.173048,NA,"2018-04-28T15:53:03Z","475","Flag, Blue","MashpiLaguna",NA,NA,NA,NA,NA
"352",-78.867535,0.17309,NA,"2018-04-28T15:53:43Z","476","Flag, Blue","MashpiLaguna",NA,NA,NA,NA,NA
"353",-78.867391,0.17301,NA,"2018-04-28T15:54:29Z","477","Flag, Blue","MashpiLaguna",NA,NA,NA,NA,NA
"354",-78.867342,0.172967,NA,"2018-04-28T15:55:01Z","478","Flag, Blue","MashpiLaguna",NA,NA,NA,NA,NA
"355",-78.867284,0.172926,NA,"2018-04-28T15:55:59Z","479","Flag, Blue","MashpiLaguna",NA,NA,NA,NA,NA
"356",-78.867075,0.172874,NA,"2018-04-28T15:56:48Z","480","Flag, Blue","MashpiLaguna",NA,NA,NA,NA,NA
"357",-78.867004,0.17285,NA,"2018-04-28T15:57:11Z","481","Flag, Blue","MashpiLaguna",NA,NA,NA,NA,NA
"358",-78.866879,0.172841,NA,"2018-04-28T15:57:52Z","482","Flag, Blue","MashpiLaguna",NA,NA,NA,NA,NA
"359",-78.866742,0.172818,NA,"2018-04-28T15:58:34Z","483","Flag, Blue","MashpiLaguna",NA,NA,NA,NA,NA
"360",-78.866338,0.172835,NA,"2018-04-28T16:00:02Z","484","Flag, Blue","MashpiLaguna",NA,NA,NA,NA,NA
"361",-78.86593,0.172699,NA,"2018-04-28T16:01:45Z","485","Flag, Blue","MashpiLaguna",NA,NA,NA,NA,NA
"362",-78.86583,0.17266,NA,"2018-04-28T16:02:15Z","486","Flag, Blue","MashpiLaguna",NA,NA,NA,NA,NA
"363",-78.865689,0.172552,NA,"2018-04-28T16:02:56Z","487","Flag, Blue","MashpiLaguna",NA,NA,NA,NA,NA
"364",-78.865615,0.172461,NA,"2018-04-28T16:03:17Z","488","Flag, Blue","MashpiLaguna",NA,NA,NA,NA,NA
"365",-78.865587,0.172402,NA,"2018-04-28T16:04:01Z","489","Flag, Blue","MashpiLaguna",NA,NA,NA,NA,NA
"366",-78.865646,0.172513,NA,"2018-04-28T16:04:32Z","490","Flag, Blue","MashpiLaguna",NA,NA,NA,NA,NA
"367",-78.865827,0.172645,NA,"2018-04-28T16:05:06Z","491","Flag, Blue","MashpiLaguna",NA,NA,NA,NA,NA
"368",-78.86591,0.172692,NA,"2018-04-28T16:05:25Z","492","Flag, Blue","MashpiLaguna",NA,NA,NA,NA,NA
"369",-78.866218,0.172824,NA,"2018-04-28T16:06:06Z","493","Flag, Blue","MashpiLaguna",NA,NA,NA,NA,NA
"370",-78.866283,0.172825,NA,"2018-04-28T16:06:25Z","494","Flag, Blue","MashpiLaguna",NA,NA,NA,NA,NA
"371",-78.866441,0.172843,NA,"2018-04-28T16:06:39Z","495","Flag, Blue","MashpiLaguna",NA,NA,NA,NA,NA
"372",-78.866854,0.172824,NA,"2018-04-28T16:07:20Z","496","Flag, Blue","MashpiLaguna",NA,NA,NA,NA,NA
"373",-78.867191,0.172888,NA,"2018-04-28T16:08:08Z","497","Flag, Blue","MashpiLaguna",NA,NA,NA,NA,NA
"374",-78.867207,0.172892,NA,"2018-04-28T16:08:25Z","498","Flag, Blue","MashpiLaguna",NA,NA,NA,NA,NA
"375",-78.867419,0.173013,NA,"2018-04-28T16:09:18Z","499","Flag, Blue","MashpiLaguna",NA,NA,NA,NA,NA
"376",-78.867524,0.173099,NA,"2018-04-28T16:09:38Z","500","Flag, Blue","MashpiLaguna",NA,NA,NA,NA,NA
"377",-78.867835,0.172901,NA,"2018-04-28T16:10:43Z","501","Flag, Blue","MashpiLaguna",NA,NA,NA,NA,NA
"378",-78.867959,0.172886,NA,"2018-04-28T16:11:00Z","502","Flag, Blue","MashpiLaguna",NA,NA,NA,NA,NA
"379",-78.867973,0.172872,NA,"2018-04-28T16:11:01Z","503","Flag, Blue","MashpiLaguna",NA,NA,NA,NA,NA
"380",-78.868124,0.172692,NA,"2018-04-28T16:11:39Z","504","Flag, Blue","MashpiLaguna",NA,NA,NA,NA,NA
"381",-78.868335,0.17252,NA,"2018-04-28T16:12:17Z","505","Flag, Blue","MashpiLaguna",NA,NA,NA,NA,NA
"382",-78.868414,0.172371,NA,"2018-04-28T16:12:54Z","506","Flag, Blue","MashpiLaguna",NA,NA,NA,NA,NA
"383",-78.868529,0.172237,NA,"2018-04-28T16:13:22Z","507","Flag, Blue","MashpiLaguna",NA,NA,NA,NA,NA
"384",-78.868577,0.172151,NA,"2018-04-28T16:13:45Z","508","Flag, Blue","MashpiLaguna",NA,NA,NA,NA,NA
"385",-78.868841,0.171922,NA,"2018-04-28T16:15:21Z","509","Flag, Blue","MashpiLaguna",NA,NA,NA,NA,NA
"386",-78.868887,0.171899,NA,"2018-04-28T16:15:38Z","510","Flag, Blue","MashpiLaguna",NA,NA,NA,NA,NA
"387",-78.869215,0.171677,NA,"2018-04-28T16:16:53Z","511","Flag, Blue","MashpiLaguna",NA,NA,NA,NA,NA
"388",-78.869301,0.171589,NA,"2018-04-28T16:17:18Z","512","Flag, Blue","MashpiLaguna",NA,NA,NA,NA,NA
"389",-78.869542,0.171385,NA,"2018-04-28T16:17:54Z","513","Flag, Blue","MashpiLaguna",NA,NA,NA,NA,NA
"390",-78.869681,0.171115,NA,"2018-04-28T16:20:44Z","514","Flag, Blue","MashpiLaguna",NA,NA,NA,NA,NA
"391",-78.869731,0.171114,NA,"2018-04-28T16:27:07Z","MSPL1923","Flag, Blue","MashpiLaguna",NA,NA,NA,NA,NA
"392",-78.871477,0.170103,NA,"2018-04-28T16:44:15Z","515","Flag, Blue","MashpiLaguna",NA,NA,NA,NA,NA
"393",-78.872261,0.16939,NA,"2018-04-28T16:58:46Z","MSPL1423","Flag, Blue","MashpiLaguna",NA,NA,NA,NA,NA
"394",-78.872305,0.169254,NA,"2018-04-28T17:02:22Z","516","Flag, Blue","MashpiLaguna",NA,NA,NA,NA,NA
"395",-78.871813,0.16884,NA,"2018-04-28T17:07:17Z","517","Flag, Blue","MashpiLaguna",NA,NA,NA,NA,NA
"396",-78.879571,0.166223,NA,"2018-05-23T13:02:00Z","518","Flag, Blue","MashpiLaguna",NA,NA,NA,NA,NA
"397",-78.879571,0.166223,NA,"2018-05-23T13:03:11Z","519","Flag, Blue","MashpiLaguna",NA,NA,NA,NA,NA
"398",-78.879571,0.166223,NA,"2018-05-23T13:08:11Z","520","Flag, Blue","MashpiLaguna",NA,NA,NA,NA,NA
"399",-78.872383,0.167425,NA,"2018-05-23T13:15:26Z","521","Flag, Blue","MashpiLaguna",NA,NA,NA,NA,NA
"400",-78.872323,0.167394,NA,"2018-05-23T13:17:23Z","522","Flag, Blue","MashpiLaguna",NA,NA,NA,NA,NA
"401",-78.872301,0.16763,NA,"2018-05-23T13:21:01Z","523","Flag, Blue","MashpiLaguna",NA,NA,NA,NA,NA
"402",-78.872295,0.167589,NA,"2018-05-23T13:22:15Z","524","Flag, Blue","MashpiLaguna",NA,NA,NA,NA,NA
"403",-78.872218,0.168173,NA,"2018-05-23T13:27:28Z","525","Flag, Blue","MashpiLaguna",NA,NA,NA,NA,NA
"404",-78.872231,0.168207,NA,"2018-05-23T13:29:01Z","526","Flag, Blue","MashpiLaguna",NA,NA,NA,NA,NA
"405",-78.872268,0.16837,NA,"2018-05-23T13:32:06Z","527","Flag, Blue","MashpiLaguna",NA,NA,NA,NA,NA
"406",-78.872208,0.16859,NA,"2018-05-23T13:33:04Z","528","Flag, Blue","MashpiLaguna",NA,NA,NA,NA,NA
"407",-78.872194,0.168564,NA,"2018-05-23T13:33:17Z","529","Flag, Blue","MashpiLaguna",NA,NA,NA,NA,NA
"408",-78.872155,0.168683,NA,"2018-05-23T13:38:28Z","530","Flag, Blue","MashpiLaguna",NA,NA,NA,NA,NA
"409",-78.872137,0.168709,NA,"2018-05-23T13:39:21Z","531","Flag, Blue","MashpiLaguna",NA,NA,NA,NA,NA
"410",-78.872104,0.168736,NA,"2018-05-23T13:40:39Z","532","Flag, Blue","MashpiLaguna",NA,NA,NA,NA,NA
"411",-78.872068,0.168742,NA,"2018-05-23T13:41:49Z","533","Flag, Blue","MashpiLaguna",NA,NA,NA,NA,NA
"412",-78.872225,0.168962,NA,"2018-05-23T13:45:42Z","534","Flag, Blue","MashpiLaguna",NA,NA,NA,NA,NA
"413",-78.872252,0.168969,NA,"2018-05-23T13:52:18Z","MSPL2224","Flag, Blue","MashpiLaguna",NA,NA,NA,NA,NA
"414",-78.871851,0.169959,NA,"2018-05-23T14:08:26Z","535","Flag, Blue","MashpiLaguna",NA,NA,NA,NA,NA
"415",-78.871587,0.170031,NA,"2018-05-23T14:10:03Z","536","Flag, Blue","MashpiLaguna",NA,NA,NA,NA,NA
"416",-78.871564,0.170056,NA,"2018-05-23T14:11:04Z","537","Flag, Blue","MashpiLaguna",NA,NA,NA,NA,NA
"417",-78.871509,0.170099,NA,"2018-05-23T14:11:48Z","538","Flag, Blue","MashpiLaguna",NA,NA,NA,NA,NA
"418",-78.871135,0.170171,NA,"2018-05-23T14:16:01Z","539","Flag, Blue","MashpiLaguna",NA,NA,NA,NA,NA
"419",-78.871012,0.170171,NA,"2018-05-23T14:17:58Z","540","Flag, Blue","MashpiLaguna",NA,NA,NA,NA,NA
"420",-78.870576,0.170301,NA,"2018-05-23T14:22:14Z","541","Flag, Blue","MashpiLaguna",NA,NA,NA,NA,NA
"421",-78.870543,0.170408,NA,"2018-05-23T14:24:29Z","542","Flag, Blue","MashpiLaguna",NA,NA,NA,NA,NA
"422",-78.870447,0.170544,NA,"2018-05-23T14:25:43Z","543","Flag, Blue","MashpiLaguna",NA,NA,NA,NA,NA
"423",-78.870316,0.170612,NA,"2018-05-23T14:28:51Z","544","Flag, Blue","MashpiLaguna",NA,NA,NA,NA,NA
"424",-78.869989,0.170934,NA,"2018-05-23T14:36:21Z","545","Flag, Blue","MashpiLaguna",NA,NA,NA,NA,NA
"425",-78.869963,0.170957,NA,"2018-05-23T14:37:03Z","546","Flag, Blue","MashpiLaguna",NA,NA,NA,NA,NA
"426",-78.869859,0.171057,NA,"2018-05-23T14:39:25Z","547","Flag, Blue","MashpiLaguna",NA,NA,NA,NA,NA
"427",-78.869766,0.171124,NA,"2018-05-23T14:40:12Z","548","Flag, Blue","MashpiLaguna",NA,NA,NA,NA,NA
"428",-78.869444,0.171538,NA,"2018-05-23T14:44:08Z","549","Flag, Blue","MashpiLaguna",NA,NA,NA,NA,NA
"429",-78.869372,0.171586,NA,"2018-05-23T14:44:54Z","550","Flag, Blue","MashpiLaguna",NA,NA,NA,NA,NA
"430",-78.869346,0.171595,NA,"2018-05-23T14:45:52Z","551","Flag, Blue","MashpiLaguna",NA,NA,NA,NA,NA
"431",-78.869422,0.171707,NA,"2018-05-23T14:50:11Z","MSPL9224","Flag, Blue","MashpiLaguna",NA,NA,NA,NA,NA
"432",-78.869215,0.171625,NA,"2018-05-23T14:57:11Z","552","Flag, Blue","MashpiLaguna",NA,NA,NA,NA,NA
"433",-78.869237,0.171619,NA,"2018-05-23T14:57:43Z","MSPL1924","Flag, Blue","MashpiLaguna",NA,NA,NA,NA,NA
"434",-78.869245,0.17164,NA,"2018-05-23T15:00:12Z","553","Flag, Blue","MashpiLaguna",NA,NA,NA,NA,NA
"435",-78.869243,0.171627,NA,"2018-05-23T15:02:03Z","554","Flag, Blue","MashpiLaguna",NA,NA,NA,NA,NA
"436",-78.868902,0.171907,NA,"2018-05-23T15:12:54Z","555","Flag, Blue","MashpiLaguna",NA,NA,NA,NA,NA
"437",-78.86881,0.171976,NA,"2018-05-23T15:16:09Z","556","Flag, Blue","MashpiLaguna",NA,NA,NA,NA,NA
"438",-78.868798,0.172004,NA,"2018-05-23T15:18:13Z","MSPL1424","Flag, Blue","MashpiLaguna",NA,NA,NA,NA,NA
"439",-78.868802,0.171985,NA,"2018-05-23T15:21:44Z","557","Flag, Blue","MashpiLaguna",NA,NA,NA,NA,NA
"440",-78.868803,0.171961,NA,"2018-05-23T15:22:22Z","558","Flag, Blue","MashpiLaguna",NA,NA,NA,NA,NA
"441",-78.868785,0.171959,NA,"2018-05-23T15:22:34Z","559","Flag, Blue","MashpiLaguna",NA,NA,NA,NA,NA
"442",-78.868771,0.171964,NA,"2018-05-23T15:22:56Z","560","Flag, Blue","MashpiLaguna",NA,NA,NA,NA,NA
"443",-78.868733,0.172009,NA,"2018-05-23T15:24:57Z","561","Flag, Blue","MashpiLaguna",NA,NA,NA,NA,NA
"444",-78.868613,0.17212,NA,"2018-05-23T15:29:10Z","562","Flag, Blue","MashpiLaguna",NA,NA,NA,NA,NA
"445",-78.8684,0.172467,NA,"2018-05-23T15:49:41Z","MSPL2624","Flag, Blue","MashpiLaguna",NA,NA,NA,NA,NA
"446",-78.868438,0.17245,NA,"2018-05-23T15:36:19Z","563","Flag, Blue","MashpiLaguna",NA,NA,NA,NA,NA
"447",-78.868118,0.172724,NA,"2018-05-23T15:40:26Z","564","Flag, Blue","MashpiLaguna",NA,NA,NA,NA,NA
"448",-78.867987,0.172867,NA,"2018-05-23T15:44:03Z","565","Flag, Blue","MashpiLaguna",NA,NA,NA,NA,NA
"449",-78.867857,0.172913,NA,"2018-05-23T15:45:52Z","566","Flag, Blue","MashpiLaguna",NA,NA,NA,NA,NA
"450",-78.867858,0.172896,NA,"2018-05-23T15:49:59Z","MSPL2624REAL","Flag, Blue","MashpiLaguna",NA,NA,NA,NA,NA
"451",-78.867705,0.173208,NA,"2018-05-23T16:04:22Z","567","Flag, Blue","MashpiLaguna",NA,NA,NA,NA,NA
"452",-78.867398,0.173003,NA,"2018-05-23T16:07:06Z","568","Flag, Blue","MashpiLaguna",NA,NA,NA,NA,NA
"453",-78.86681,0.172758,NA,"2018-05-23T16:13:41Z","569","Flag, Blue","MashpiLaguna",NA,NA,NA,NA,NA
"454",-78.866758,0.172798,NA,"2018-05-23T16:14:16Z","MSPL1824","Flag, Blue","MashpiLaguna",NA,NA,NA,NA,NA
"455",-78.866699,0.172842,NA,"2018-05-23T16:17:52Z","570","Flag, Blue","MashpiLaguna",NA,NA,NA,NA,NA
"456",-78.866395,0.172784,NA,"2018-05-23T16:21:30Z","571","Flag, Blue","MashpiLaguna",NA,NA,NA,NA,NA
"457",-78.866319,0.172857,NA,"2018-05-23T16:23:49Z","572","Flag, Blue","MashpiLaguna",NA,NA,NA,NA,NA
"458",-78.866261,0.172844,NA,"2018-05-23T16:24:49Z","573","Flag, Blue","MashpiLaguna",NA,NA,NA,NA,NA
"459",-78.86608,0.172725,NA,"2018-05-23T16:28:01Z","574","Flag, Blue","MashpiLaguna",NA,NA,NA,NA,NA
"460",-78.86597,0.172637,NA,"2018-05-23T16:31:00Z","575","Flag, Blue","MashpiLaguna",NA,NA,NA,NA,NA
"461",-78.865771,0.172607,NA,"2018-05-23T16:32:39Z","576","Flag, Blue","MashpiLaguna",NA,NA,NA,NA,NA
"462",-78.879562,0.166098,NA,"2018-05-23T18:04:41Z","577","Flag, Blue","MashpiLaguna",NA,NA,NA,NA,NA
"463",-78.87327,-0.16317,NA,"2017-10-10T23:22:12.542Z","MSPL1906","Flag, Blue","MashpiLaguna",NA,NA,"MSPL1906","Blue Flag",NA
"464",-78.871823,0.166204,NA,"2017-08-22T18:13:03Z","MSPL2607","Flag, Blue","MashpiLaguna",NA,NA,NA,NA,NA
"465",-78.869489,0.171435,NA,"2017-08-22T18:22:28Z","MSPL2207","Flag, Blue","MashpiLaguna",NA,NA,NA,NA,NA
"466",-78.871866,0.166156,NA,"2017-08-22T18:56:43Z","MPSL1807","Flag, Blue","MashpiLaguna",NA,NA,NA,NA,NA
"467",-78.871857,0.166166,NA,"2017-08-22T18:57:31Z","MSPL1907","Flag, Blue","MashpiLaguna",NA,NA,NA,NA,NA
"468",-78.879571,0.166223,NA,"2018-05-23T13:02:00Z","518","Flag, Blue","MashpiLaguna",NA,NA,NA,NA,NA
"469",-78.879571,0.166223,NA,"2018-05-23T13:03:11Z","519","Flag, Blue","MashpiLaguna",NA,NA,NA,NA,NA
"470",-78.879571,0.166223,NA,"2018-05-23T13:08:11Z","520","Flag, Blue","MashpiLaguna",NA,NA,NA,NA,NA
"471",-78.872383,0.167425,NA,"2018-05-23T13:15:26Z","521","Flag, Blue","MashpiLaguna",NA,NA,NA,NA,NA
"472",-78.872323,0.167394,NA,"2018-05-23T13:17:23Z","522","Flag, Blue","MashpiLaguna",NA,NA,NA,NA,NA
"473",-78.872301,0.16763,NA,"2018-05-23T13:21:01Z","523","Flag, Blue","MashpiLaguna",NA,NA,NA,NA,NA
"474",-78.872295,0.167589,NA,"2018-05-23T13:22:15Z","524","Flag, Blue","MashpiLaguna",NA,NA,NA,NA,NA
"475",-78.872218,0.168173,NA,"2018-05-23T13:27:28Z","525","Flag, Blue","MashpiLaguna",NA,NA,NA,NA,NA
"476",-78.872231,0.168207,NA,"2018-05-23T13:29:01Z","526","Flag, Blue","MashpiLaguna",NA,NA,NA,NA,NA
"477",-78.872268,0.16837,NA,"2018-05-23T13:32:06Z","527","Flag, Blue","MashpiLaguna",NA,NA,NA,NA,NA
"478",-78.872208,0.16859,NA,"2018-05-23T13:33:04Z","528","Flag, Blue","MashpiLaguna",NA,NA,NA,NA,NA
"479",-78.872194,0.168564,NA,"2018-05-23T13:33:17Z","529","Flag, Blue","MashpiLaguna",NA,NA,NA,NA,NA
"480",-78.872155,0.168683,NA,"2018-05-23T13:38:28Z","530","Flag, Blue","MashpiLaguna",NA,NA,NA,NA,NA
"481",-78.872137,0.168709,NA,"2018-05-23T13:39:21Z","531","Flag, Blue","MashpiLaguna",NA,NA,NA,NA,NA
"482",-78.872104,0.168736,NA,"2018-05-23T13:40:39Z","532","Flag, Blue","MashpiLaguna",NA,NA,NA,NA,NA
"483",-78.872068,0.168742,NA,"2018-05-23T13:41:49Z","533","Flag, Blue","MashpiLaguna",NA,NA,NA,NA,NA
"484",-78.872225,0.168962,NA,"2018-05-23T13:45:42Z","534","Flag, Blue","MashpiLaguna",NA,NA,NA,NA,NA
"485",-78.872252,0.168969,NA,"2018-05-23T13:52:18Z","MSPL2224","Flag, Blue","MashpiLaguna",NA,NA,NA,NA,NA
"486",-78.871851,0.169959,NA,"2018-05-23T14:08:26Z","535","Flag, Blue","MashpiLaguna",NA,NA,NA,NA,NA
"487",-78.871587,0.170031,NA,"2018-05-23T14:10:03Z","536","Flag, Blue","MashpiLaguna",NA,NA,NA,NA,NA
"488",-78.871564,0.170056,NA,"2018-05-23T14:11:04Z","537","Flag, Blue","MashpiLaguna",NA,NA,NA,NA,NA
"489",-78.871509,0.170099,NA,"2018-05-23T14:11:48Z","538","Flag, Blue","MashpiLaguna",NA,NA,NA,NA,NA
"490",-78.871135,0.170171,NA,"2018-05-23T14:16:01Z","539","Flag, Blue","MashpiLaguna",NA,NA,NA,NA,NA
"491",-78.871012,0.170171,NA,"2018-05-23T14:17:58Z","540","Flag, Blue","MashpiLaguna",NA,NA,NA,NA,NA
"492",-78.870576,0.170301,NA,"2018-05-23T14:22:14Z","541","Flag, Blue","MashpiLaguna",NA,NA,NA,NA,NA
"493",-78.870543,0.170408,NA,"2018-05-23T14:24:29Z","542","Flag, Blue","MashpiLaguna",NA,NA,NA,NA,NA
"494",-78.870447,0.170544,NA,"2018-05-23T14:25:43Z","543","Flag, Blue","MashpiLaguna",NA,NA,NA,NA,NA
"495",-78.870316,0.170612,NA,"2018-05-23T14:28:51Z","544","Flag, Blue","MashpiLaguna",NA,NA,NA,NA,NA
"496",-78.869989,0.170934,NA,"2018-05-23T14:36:21Z","545","Flag, Blue","MashpiLaguna",NA,NA,NA,NA,NA
"497",-78.869963,0.170957,NA,"2018-05-23T14:37:03Z","546","Flag, Blue","MashpiLaguna",NA,NA,NA,NA,NA
"498",-78.869859,0.171057,NA,"2018-05-23T14:39:25Z","547","Flag, Blue","MashpiLaguna",NA,NA,NA,NA,NA
"499",-78.869766,0.171124,NA,"2018-05-23T14:40:12Z","548","Flag, Blue","MashpiLaguna",NA,NA,NA,NA,NA
"500",-78.869444,0.171538,NA,"2018-05-23T14:44:08Z","549","Flag, Blue","MashpiLaguna",NA,NA,NA,NA,NA
"501",-78.869372,0.171586,NA,"2018-05-23T14:44:54Z","550","Flag, Blue","MashpiLaguna",NA,NA,NA,NA,NA
"502",-78.869346,0.171595,NA,"2018-05-23T14:45:52Z","551","Flag, Blue","MashpiLaguna",NA,NA,NA,NA,NA
"503",-78.869422,0.171707,NA,"2018-05-23T14:50:11Z","MSPL9224","Flag, Blue","MashpiLaguna",NA,NA,NA,NA,NA
"504",-78.869215,0.171625,NA,"2018-05-23T14:57:11Z","552","Flag, Blue","MashpiLaguna",NA,NA,NA,NA,NA
"505",-78.869237,0.171619,NA,"2018-05-23T14:57:43Z","MSPL1924","Flag, Blue","MashpiLaguna",NA,NA,NA,NA,NA
"506",-78.869245,0.17164,NA,"2018-05-23T15:00:12Z","553","Flag, Blue","MashpiLaguna",NA,NA,NA,NA,NA
"507",-78.869243,0.171627,NA,"2018-05-23T15:02:03Z","554","Flag, Blue","MashpiLaguna",NA,NA,NA,NA,NA
"508",-78.868902,0.171907,NA,"2018-05-23T15:12:54Z","555","Flag, Blue","MashpiLaguna",NA,NA,NA,NA,NA
"509",-78.86881,0.171976,NA,"2018-05-23T15:16:09Z","556","Flag, Blue","MashpiLaguna",NA,NA,NA,NA,NA
"510",-78.868798,0.172004,NA,"2018-05-23T15:18:13Z","MSPL1424","Flag, Blue","MashpiLaguna",NA,NA,NA,NA,NA
"511",-78.868802,0.171985,NA,"2018-05-23T15:21:44Z","557","Flag, Blue","MashpiLaguna",NA,NA,NA,NA,NA
"512",-78.868803,0.171961,NA,"2018-05-23T15:22:22Z","558","Flag, Blue","MashpiLaguna",NA,NA,NA,NA,NA
"513",-78.868785,0.171959,NA,"2018-05-23T15:22:34Z","559","Flag, Blue","MashpiLaguna",NA,NA,NA,NA,NA
"514",-78.868771,0.171964,NA,"2018-05-23T15:22:56Z","560","Flag, Blue","MashpiLaguna",NA,NA,NA,NA,NA
"515",-78.868733,0.172009,NA,"2018-05-23T15:24:57Z","561","Flag, Blue","MashpiLaguna",NA,NA,NA,NA,NA
"516",-78.868613,0.17212,NA,"2018-05-23T15:29:10Z","562","Flag, Blue","MashpiLaguna",NA,NA,NA,NA,NA
"517",-78.8684,0.172467,NA,"2018-05-23T15:49:41Z","MSPL2624","Flag, Blue","MashpiLaguna",NA,NA,NA,NA,NA
"518",-78.868438,0.17245,NA,"2018-05-23T15:36:19Z","563","Flag, Blue","MashpiLaguna",NA,NA,NA,NA,NA
"519",-78.868118,0.172724,NA,"2018-05-23T15:40:26Z","564","Flag, Blue","MashpiLaguna",NA,NA,NA,NA,NA
"520",-78.867987,0.172867,NA,"2018-05-23T15:44:03Z","565","Flag, Blue","MashpiLaguna",NA,NA,NA,NA,NA
"521",-78.867857,0.172913,NA,"2018-05-23T15:45:52Z","566","Flag, Blue","MashpiLaguna",NA,NA,NA,NA,NA
"522",-78.867858,0.172896,NA,"2018-05-23T15:49:59Z","MSPL2624REAL","Flag, Blue","MashpiLaguna",NA,NA,NA,NA,NA
"523",-78.867705,0.173208,NA,"2018-05-23T16:04:22Z","567","Flag, Blue","MashpiLaguna",NA,NA,NA,NA,NA
"524",-78.867398,0.173003,NA,"2018-05-23T16:07:06Z","568","Flag, Blue","MashpiLaguna",NA,NA,NA,NA,NA
"525",-78.86681,0.172758,NA,"2018-05-23T16:13:41Z","569","Flag, Blue","MashpiLaguna",NA,NA,NA,NA,NA
"526",-78.866758,0.172798,NA,"2018-05-23T16:14:16Z","MSPL1824","Flag, Blue","MashpiLaguna",NA,NA,NA,NA,NA
"527",-78.866699,0.172842,NA,"2018-05-23T16:17:52Z","570","Flag, Blue","MashpiLaguna",NA,NA,NA,NA,NA
"528",-78.866395,0.172784,NA,"2018-05-23T16:21:30Z","571","Flag, Blue","MashpiLaguna",NA,NA,NA,NA,NA
"529",-78.866319,0.172857,NA,"2018-05-23T16:23:49Z","572","Flag, Blue","MashpiLaguna",NA,NA,NA,NA,NA
"530",-78.866261,0.172844,NA,"2018-05-23T16:24:49Z","573","Flag, Blue","MashpiLaguna",NA,NA,NA,NA,NA
"531",-78.86608,0.172725,NA,"2018-05-23T16:28:01Z","574","Flag, Blue","MashpiLaguna",NA,NA,NA,NA,NA
"532",-78.86597,0.172637,NA,"2018-05-23T16:31:00Z","575","Flag, Blue","MashpiLaguna",NA,NA,NA,NA,NA
"533",-78.865771,0.172607,NA,"2018-05-23T16:32:39Z","576","Flag, Blue","MashpiLaguna",NA,NA,NA,NA,NA
"534",-78.879562,0.166098,NA,"2018-05-23T18:04:41Z","577","Flag, Blue","MashpiLaguna",NA,NA,NA,NA,NA
"535",-78.634945,0.005922,NA,"2018-02-20T12:35:06Z","008","Flag, Blue","Sachatamia_disturbed",NA,NA,NA,NA,NA
"536",-78.698726,0.020759,NA,"2018-02-20T12:54:06Z","009","Flag, Blue","Sachatamia_disturbed",NA,NA,NA,NA,NA
"537",-78.698749,0.020761,NA,"2018-02-20T12:54:15Z","010","Flag, Blue","Sachatamia_disturbed",NA,NA,NA,NA,NA
"538",-78.698988,0.0209,NA,"2018-02-20T12:55:15Z","011","Flag, Blue","Sachatamia_disturbed",NA,NA,NA,NA,NA
"539",-78.69913,0.021031,NA,"2018-02-20T12:57:18Z","012","Flag, Blue","Sachatamia_disturbed",NA,NA,NA,NA,NA
"540",-78.699345,0.020887,NA,"2018-02-20T12:59:36Z","013","Flag, Blue","Sachatamia_disturbed",NA,NA,NA,NA,NA
"541",-78.697778,0.022072,NA,"2018-02-20T13:02:33Z","014","Flag, Blue","Sachatamia_disturbed",NA,NA,NA,NA,NA
"542",-78.697171,0.022308,NA,"2018-02-20T13:04:30Z","015","Flag, Blue","Sachatamia_disturbed",NA,NA,NA,NA,NA
"543",-78.695906,0.023012,NA,"2018-02-20T13:11:14Z","016","Flag, Blue","Sachatamia_disturbed",NA,NA,NA,NA,NA
"544",-78.695872,0.022989,NA,"2018-02-20T13:17:31Z","PUYUD5303","Flag, Blue","Sachatamia_disturbed",NA,NA,NA,NA,NA
"545",-78.695857,0.023001,NA,"2018-02-20T13:21:05Z","017","Flag, Blue","Sachatamia_disturbed",NA,NA,NA,NA,NA
"546",-78.695849,0.022974,NA,"2018-02-20T13:24:19Z","018","Flag, Blue","Sachatamia_disturbed",NA,NA,NA,NA,NA
"547",-78.69588,0.022906,NA,"2018-02-20T13:26:56Z","019","Flag, Blue","Sachatamia_disturbed",NA,NA,NA,NA,NA
"548",-78.695939,0.022822,NA,"2018-02-20T13:29:09Z","020","Flag, Blue","Sachatamia_disturbed",NA,NA,NA,NA,NA
"549",-78.696123,0.022766,NA,"2018-02-20T13:46:15Z","PUYUD6303","Flag, Blue","Sachatamia_disturbed",NA,NA,NA,NA,NA
"550",-78.696119,0.022747,NA,"2018-02-20T13:49:22Z","021","Flag, Blue","Sachatamia_disturbed",NA,NA,NA,NA,NA
"551",-78.696116,0.022617,NA,"2018-02-20T13:52:42Z","022","Flag, Blue","Sachatamia_disturbed",NA,NA,NA,NA,NA
"552",-78.69614,0.022617,NA,"2018-02-20T13:59:52Z","PUYUD7503","Flag, Blue","Sachatamia_disturbed",NA,NA,NA,NA,NA
"553",-78.696195,0.022615,NA,"2018-02-20T14:02:22Z","023","Flag, Blue","Sachatamia_disturbed",NA,NA,NA,NA,NA
"554",-78.696374,0.022478,NA,"2018-02-20T14:07:34Z","024","Flag, Blue","Sachatamia_disturbed",NA,NA,NA,NA,NA
"555",-78.696709,0.022533,NA,"2018-02-20T14:10:08Z","025","Flag, Blue","Sachatamia_disturbed",NA,NA,NA,NA,NA
"556",-78.697188,0.021749,NA,"2018-02-20T14:18:21Z","026","Flag, Blue","Sachatamia_disturbed",NA,NA,NA,NA,NA
"557",-78.697305,0.021726,NA,"2018-02-20T14:20:14Z","027","Flag, Blue","Sachatamia_disturbed",NA,NA,NA,NA,NA
"558",-78.697311,0.021741,NA,"2018-02-20T14:28:19Z","PUYUD9603","Flag, Blue","Sachatamia_disturbed",NA,NA,NA,NA,NA
"559",-78.69733,0.021565,NA,"2018-02-20T14:31:20Z","028","Flag, Blue","Sachatamia_disturbed",NA,NA,NA,NA,NA
"560",-78.697247,0.021345,NA,"2018-02-20T14:39:25Z","029","Flag, Blue","Sachatamia_disturbed",NA,NA,NA,NA,NA
"561",-78.69723,0.021186,NA,"2018-02-20T14:45:06Z","030","Flag, Blue","Sachatamia_disturbed",NA,NA,NA,NA,NA
"562",-78.69724,0.020968,NA,"2018-02-20T14:47:58Z","031","Flag, Blue","Sachatamia_disturbed",NA,NA,NA,NA,NA
"563",-78.697252,0.020839,NA,"2018-02-20T14:49:39Z","032","Flag, Blue","Sachatamia_disturbed",NA,NA,NA,NA,NA
"564",-78.697209,0.020794,NA,"2018-02-20T14:50:40Z","033","Flag, Blue","Sachatamia_disturbed",NA,NA,NA,NA,NA
"565",-78.697174,0.020686,NA,"2018-02-20T14:54:33Z","034","Flag, Blue","Sachatamia_disturbed",NA,NA,NA,NA,NA
"566",-78.697156,0.020658,NA,"2018-02-20T14:55:29Z","035","Flag, Blue","Sachatamia_disturbed",NA,NA,NA,NA,NA
"567",-78.697193,0.020468,NA,"2018-02-20T14:57:51Z","036","Flag, Blue","Sachatamia_disturbed",NA,NA,NA,NA,NA
"568",-78.69713,0.020296,NA,"2018-02-20T15:01:17Z","037","Flag, Blue","Sachatamia_disturbed",NA,NA,NA,NA,NA
"569",-78.697214,0.020177,NA,"2018-02-20T15:02:31Z","038","Flag, Blue","Sachatamia_disturbed",NA,NA,NA,NA,NA
"570",-78.697115,0.020151,NA,"2018-02-20T15:06:10Z","039","Flag, Blue","Sachatamia_disturbed",NA,NA,NA,NA,NA
"571",-78.697582,0.020395,NA,"2018-02-20T15:18:32Z","040","Flag, Blue","Sachatamia_disturbed",NA,NA,NA,NA,NA
"572",-78.6974,0.020321,NA,"2018-02-20T15:19:59Z","PUYUD6203","Flag, Blue","Sachatamia_disturbed",NA,NA,NA,NA,NA
"573",-78.697306,0.020288,NA,"2018-02-20T15:38:18Z","PUYUD6803","Flag, Blue","Sachatamia_disturbed",NA,NA,NA,NA,NA
"574",-78.69731,0.020278,NA,"2018-02-20T15:39:32Z","041","Flag, Blue","Sachatamia_disturbed",NA,NA,NA,NA,NA
"575",-78.697512,0.020177,NA,"2018-02-20T16:00:44Z","042","Flag, Blue","Sachatamia_disturbed",NA,NA,NA,NA,NA
"576",-78.698148,0.020303,NA,"2018-02-20T16:10:52Z","043","Flag, Blue","Sachatamia_disturbed",NA,NA,NA,NA,NA
"577",-78.698262,0.02026,NA,"2018-02-20T16:17:29Z","044","Flag, Blue","Sachatamia_disturbed",NA,NA,NA,NA,NA
"578",-78.698262,0.020283,NA,"2018-02-20T16:17:38Z","045","Flag, Blue","Sachatamia_disturbed",NA,NA,NA,NA,NA
"579",-78.698308,0.020278,NA,"2018-02-20T16:18:53Z","046","Flag, Blue","Sachatamia_disturbed",NA,NA,NA,NA,NA
"580",-78.698428,0.020203,NA,"2018-02-20T16:22:14Z","047","Flag, Blue","Sachatamia_disturbed",NA,NA,NA,NA,NA
"581",-78.698533,0.020109,NA,"2018-02-20T16:29:34Z","048","Flag, Blue","Sachatamia_disturbed",NA,NA,NA,NA,NA
"582",-78.698539,0.020089,NA,"2018-02-20T16:29:59Z","049","Flag, Blue","Sachatamia_disturbed",NA,NA,NA,NA,NA
"583",-78.698472,0.019997,NA,"2018-02-20T16:33:03Z","050","Flag, Blue","Sachatamia_disturbed",NA,NA,NA,NA,NA
"584",-78.698632,0.019897,NA,"2018-02-20T16:35:02Z","051","Flag, Blue","Sachatamia_disturbed",NA,NA,NA,NA,NA
"585",-78.698487,0.019968,NA,"2018-02-20T16:40:18Z","052","Flag, Blue","Sachatamia_disturbed",NA,NA,NA,NA,NA
"586",-78.698488,0.019968,NA,"2018-02-20T16:40:22Z","053","Flag, Blue","Sachatamia_disturbed",NA,NA,NA,NA,NA
"587",-78.698543,0.019859,NA,"2018-02-20T16:41:30Z","054","Flag, Blue","Sachatamia_disturbed",NA,NA,NA,NA,NA
"588",-78.69851,0.019823,NA,"2018-02-20T16:43:11Z","055","Flag, Blue","Sachatamia_disturbed",NA,NA,NA,NA,NA
"589",-78.698558,0.0199,NA,"2018-02-20T16:44:57Z","056","Flag, Blue","Sachatamia_disturbed",NA,NA,NA,NA,NA
"590",-78.698636,0.019805,NA,"2018-02-20T16:46:36Z","057","Flag, Blue","Sachatamia_disturbed",NA,NA,NA,NA,NA
"591",-78.698611,0.019794,NA,"2018-02-20T16:48:14Z","058","Flag, Blue","Sachatamia_disturbed",NA,NA,NA,NA,NA
"592",-78.698477,0.019877,NA,"2018-02-20T16:50:44Z","059","Flag, Blue","Sachatamia_disturbed",NA,NA,NA,NA,NA
"593",-78.698595,0.019877,NA,"2018-02-20T16:52:21Z","060","Flag, Blue","Sachatamia_disturbed",NA,NA,NA,NA,NA
"594",-78.698633,0.019924,NA,"2018-02-20T16:53:31Z","061","Flag, Blue","Sachatamia_disturbed",NA,NA,NA,NA,NA
"595",-78.698947,0.01985,NA,"2018-02-20T16:56:20Z","062","Flag, Blue","Sachatamia_disturbed",NA,NA,NA,NA,NA
"596",-78.69929,0.01992,NA,"2018-02-20T17:03:21Z","063","Flag, Blue","Sachatamia_disturbed",NA,NA,NA,NA,NA
"597",-78.699256,0.019687,NA,"2018-02-20T17:06:18Z","064","Flag, Blue","Sachatamia_disturbed",NA,NA,NA,NA,NA
"598",-78.699419,0.01927,NA,"2018-02-20T17:10:19Z","065","Flag, Blue","Sachatamia_disturbed",NA,NA,NA,NA,NA
"599",-78.699431,0.019188,NA,"2018-02-20T17:12:22Z","066","Flag, Blue","Sachatamia_disturbed",NA,NA,NA,NA,NA
"600",-78.699422,0.019189,NA,"2018-02-20T17:12:35Z","067","Flag, Blue","Sachatamia_disturbed",NA,NA,NA,NA,NA
"601",-78.699513,0.01899,NA,"2018-02-20T17:14:56Z","068","Flag, Blue","Sachatamia_disturbed",NA,NA,NA,NA,NA
"602",-78.699484,0.018952,NA,"2018-02-20T17:16:41Z","069","Flag, Blue","Sachatamia_disturbed",NA,NA,NA,NA,NA
"603",-78.699467,0.018866,NA,"2018-02-20T17:18:30Z","070","Flag, Blue","Sachatamia_disturbed",NA,NA,NA,NA,NA
"604",-78.699431,0.018767,NA,"2018-02-20T17:21:36Z","071","Flag, Blue","Sachatamia_disturbed",NA,NA,NA,NA,NA
"605",-78.699414,0.018759,NA,"2018-02-20T17:21:41Z","072","Flag, Blue","Sachatamia_disturbed",NA,NA,NA,NA,NA
"606",-78.699454,0.018648,NA,"2018-02-20T17:23:27Z","073","Flag, Blue","Sachatamia_disturbed",NA,NA,NA,NA,NA
"607",-78.699721,0.018672,NA,"2018-02-20T17:27:53Z","074","Flag, Blue","Sachatamia_disturbed",NA,NA,NA,NA,NA
"608",-78.700046,0.018474,NA,"2018-02-20T17:31:26Z","075","Flag, Blue","Sachatamia_disturbed",NA,NA,NA,NA,NA
"609",-78.70007,0.018388,NA,"2018-02-20T17:32:15Z","076","Flag, Blue","Sachatamia_disturbed",NA,NA,NA,NA,NA
"610",-78.700071,0.018081,NA,"2018-02-20T17:34:55Z","077","Flag, Blue","Sachatamia_disturbed",NA,NA,NA,NA,NA
"611",-78.700301,0.018157,NA,"2018-02-20T17:37:56Z","078","Flag, Blue","Sachatamia_disturbed",NA,NA,NA,NA,NA
"612",-78.700458,0.018182,NA,"2018-02-20T17:41:16Z","079","Flag, Blue","Sachatamia_disturbed",NA,NA,NA,NA,NA
"613",-78.700678,0.01815,NA,"2018-02-20T17:46:24Z","080","Flag, Blue","Sachatamia_disturbed",NA,NA,NA,NA,NA
"614",-78.700894,0.01804,NA,"2018-02-20T17:50:18Z","081","Flag, Blue","Sachatamia_disturbed",NA,NA,NA,NA,NA
"615",-78.700972,0.017945,NA,"2018-02-20T17:53:11Z","082","Flag, Blue","Sachatamia_disturbed",NA,NA,NA,NA,NA
"616",-78.701014,0.017911,NA,"2018-02-20T17:54:12Z","083","Flag, Blue","Sachatamia_disturbed",NA,NA,NA,NA,NA
"617",-78.70113,0.017706,NA,"2018-02-20T17:58:32Z","084","Flag, Blue","Sachatamia_disturbed",NA,NA,NA,NA,NA
"618",-78.701197,0.01771,NA,"2018-02-20T18:01:03Z","085","Flag, Blue","Sachatamia_disturbed",NA,NA,NA,NA,NA
"619",-78.701214,0.01763,NA,"2018-02-20T18:03:02Z","086","Flag, Blue","Sachatamia_disturbed",NA,NA,NA,NA,NA
"620",-78.701278,0.017417,NA,"2018-02-20T18:06:14Z","087","Flag, Blue","Sachatamia_disturbed",NA,NA,NA,NA,NA
"621",-78.701421,0.017229,NA,"2018-02-20T18:09:59Z","088","Flag, Blue","Sachatamia_disturbed",NA,NA,NA,NA,NA
"622",-78.701424,0.017127,NA,"2018-02-20T18:11:13Z","089","Flag, Blue","Sachatamia_disturbed",NA,NA,NA,NA,NA
"623",-78.701439,0.017096,NA,"2018-02-20T18:12:32Z","090","Flag, Blue","Sachatamia_disturbed",NA,NA,NA,NA,NA
"624",-78.701468,0.017048,NA,"2018-02-20T18:13:27Z","091","Flag, Blue","Sachatamia_disturbed",NA,NA,NA,NA,NA
"625",-78.701569,0.016937,NA,"2018-02-20T18:16:09Z","092","Flag, Blue","Sachatamia_disturbed",NA,NA,NA,NA,NA
"626",-78.701643,0.016903,NA,"2018-02-20T18:18:03Z","093","Flag, Blue","Sachatamia_disturbed",NA,NA,NA,NA,NA
"627",-78.701949,0.01643,NA,"2018-02-20T18:21:37Z","094","Flag, Blue","Sachatamia_disturbed",NA,NA,NA,NA,NA
"628",-78.702223,0.016133,NA,"2018-02-20T18:24:53Z","095","Flag, Blue","Sachatamia_disturbed",NA,NA,NA,NA,NA
"629",-94.799017,38.85555,NA,"2016-10-21T18:09:14Z","001","Flag, Blue","Sachatamia",NA,NA,NA,NA,NA
"630",-78.878275,0.159903,NA,"2017-07-24T15:12:02Z","MSPC1307","Flag, Blue","Sachatamia",NA,NA,NA,NA,NA
"631",-78.877156,0.160524,NA,"2017-07-24T15:13:12Z","962","Flag, Blue","Sachatamia",NA,NA,NA,NA,NA
"632",-78.877171,0.160544,NA,"2017-07-24T15:17:46Z","MSPC1507","Flag, Blue","Sachatamia",NA,NA,NA,NA,NA
"633",-78.876476,0.161043,NA,"2017-07-24T15:29:13Z","963","Flag, Blue","Sachatamia",NA,NA,NA,NA,NA
"634",-78.876369,0.161005,NA,"2017-07-24T15:32:49Z","MSPC4007","Flag, Blue","Sachatamia",NA,NA,NA,NA,NA
"635",-78.87457,0.162318,NA,"2017-07-24T15:47:01Z","MSPC1607","Flag, Blue","Sachatamia",NA,NA,NA,NA,NA
"636",-78.874573,0.16232,NA,"2017-07-24T15:47:39Z","MSPC1707","Flag, Blue","Sachatamia",NA,NA,NA,NA,NA
"637",-78.874302,0.163274,NA,"2017-07-24T15:59:00Z","MSPC2007","Flag, Blue","Sachatamia",NA,NA,NA,NA,NA
"638",-78.758746,-0.029123,NA,"2018-07-26T20:24:20Z","SACH7827","Flag, Blue","Sachatamia",NA,NA,NA,NA,NA
"639",-78.750269,-0.035252,NA,"2018-07-26T20:34:45Z","SACH8027","Flag, Blue","Sachatamia",NA,NA,NA,NA,NA
"640",-78.749631,-0.035515,NA,"2018-07-26T21:00:18Z","SACH8727","Flag, Blue","Sachatamia",NA,NA,NA,NA,NA
"641",-78.749554,-0.035555,NA,"2018-07-26T21:10:39Z","SACH8327","Flag, Blue","Sachatamia",NA,NA,NA,NA,NA
"642",-78.747774,-0.036759,NA,"2018-07-26T21:34:24Z","SACH8827","Flag, Blue","Sachatamia",NA,NA,NA,NA,NA
"643",-78.747432,-0.036853,NA,"2018-07-26T21:49:33Z","SACH8627","Flag, Blue","Sachatamia",NA,NA,NA,NA,NA
"644",-78.874258,0.162728,NA,"2017-09-26T13:45:26Z","MSPC1711","Flag, Blue","Sachatamia",NA,NA,NA,NA,NA
"645",-78.876841,0.160891,NA,"2017-09-26T14:02:26Z","966","Flag, Blue","Sachatamia",NA,NA,NA,NA,NA
"646",-78.876833,0.16091,NA,"2017-09-26T14:04:56Z","MSPC4011","Flag, Blue","Sachatamia",NA,NA,NA,NA,NA
"647",-78.876861,0.160886,NA,"2017-09-26T14:10:13Z","MSPC1511","Flag, Blue","Sachatamia",NA,NA,NA,NA,NA
"648",-78.877439,0.160174,NA,"2017-09-26T14:19:18Z","MSPC1311","Flag, Blue","Sachatamia",NA,NA,NA,NA,NA
"649",-78.878057,0.159849,NA,"2017-09-26T14:26:56Z","MSPC1611","Flag, Blue","Sachatamia",NA,NA,NA,NA,NA
"650",-78.878054,0.159836,NA,"2017-09-26T14:52:19Z","MSPC2011","Flag, Blue","Sachatamia",NA,NA,NA,NA,NA
"651",-78.755628,-0.029155,NA,"2018-06-28T16:28:40Z","SACH8825","Flag, Blue","Sachatamia",NA,NA,NA,NA,NA
"652",-78.750126,-0.035351,NA,"2018-06-28T17:02:24Z","SACH8725","Flag, Blue","Sachatamia",NA,NA,NA,NA,NA
"653",-78.749675,-0.035431,NA,"2018-06-28T17:32:24Z","SACH8625","Flag, Blue","Sachatamia",NA,NA,NA,NA,NA
"654",-78.751592,-0.035208,NA,"2018-06-28T17:44:55Z","SACH7825","Flag, Blue","Sachatamia",NA,NA,NA,NA,NA
"655",-78.751816,-0.035459,NA,"2018-06-28T18:03:12Z","SACH8325","Flag, Blue","Sachatamia",NA,NA,NA,NA,NA
"656",-78.751679,-0.035002,NA,"2018-06-28T18:08:49Z","SACH8025","Flag, Blue","Sachatamia",NA,NA,NA,NA,NA
"657",-94.799017,38.85555,NA,"2016-10-21T18:09:14Z","001","Flag, Blue","Sachatamia",NA,NA,NA,NA,NA
"658",-78.8430877,0.0528715,NA,"23-SEP-17 8:07:27","UPDC0409","Scenic Area","UnPocoDelChoco","23-SEP-17 8:07:27","23-SEP-17 8:07:27","SymbolAndName",NA,NA
"659",-78.8444765,0.0546607,NA,"17-OCT-17 9:55:55","257","Pin, Green","UnPocoDelChoco","17-OCT-17 9:55:55","17-OCT-17 9:55:55","SymbolAndName",NA,NA
